arm,refine_sigma,target_de,achieved_de,epa_mace,ok,dmin,natoms,fmace_rms,file
g2_min1,0.001,0.0,0.03539465294446842,-6.3598672619242365,1,1.6221162891102336,360,0.6530621740253878,out/g2_min1/dE0.000/r0/GeO_Ge120O240_d3p65_En6p41_20260816n214132_final.vasp
g2_min1,0.001,0.0,0.03855759089220623,-6.356704323976499,1,1.6536134558611137,360,0.6151930933437983,out/g2_min1/dE0.000/r1/GeO_Ge120O240_d3p65_En6p41_20260816n214132_final.vasp
g2_min1,0.001,0.002,0.018715406262343137,-6.376546508606362,1,1.6863886725707211,360,0.5906266080612592,out/g2_min1/dE0.002/r0/GeO_Ge120O240_d3p65_En6p41_20260816n214349_final.vasp
g2_min1,0.001,0.002,0.010911582946116383,-6.3843503319225885,1,1.6693389745616296,360,0.5090754185808135,out/g2_min1/dE0.002/r1/GeO_Ge120O240_d3p65_En6p41_20260816n214257_final.vasp
g2_min1,0.001,0.004,0.025635097048013478,-6.369626817820691,1,1.6534240753769733,360,0.6518247332133367,out/g2_min1/dE0.004/r0/GeO_Ge120O240_d3p65_En6p41_20260816n214257_final.vasp
g2_min1,0.001,0.004,0.018655870713575773,-6.376606044155129,1,1.6889560257831044,360,0.5287926176531765,out/g2_min1/dE0.004/r1/GeO_Ge120O240_d3p65_En6p41_20260816n214515_final.vasp
g2_min1,0.001,0.006,0.024967560217033835,-6.370294354651671,1,1.6648640533433972,360,0.6541801062924932,out/g2_min1/dE0.006/r0/GeO_Ge120O240_d3p65_En6p41_20260816n214422_final.vasp
g2_min1,0.001,0.006,0.0233631377262018,-6.371898777142503,1,1.6754427749273253,360,0.61377763634957,out/g2_min1/dE0.006/r1/GeO_Ge120O240_d3p65_En6p41_20260816n214422_final.vasp
g2_min1,0.001,0.008,0.027586538293529195,-6.367675376575176,1,1.6795842615412249,360,0.6540888846799401,out/g2_min1/dE0.008/r0/GeO_Ge120O240_d3p65_En6p41_20260816n214642_final.vasp
g2_min1,0.001,0.008,0.020652570210162757,-6.374609344658542,1,1.6700157187218023,360,0.5845128870617731,out/g2_min1/dE0.008/r1/GeO_Ge120O240_d3p65_En6p41_20260816n214547_final.vasp
g2_min1,0.001,0.01,0.014345446995247535,-6.380916467873457,1,1.6827971743700647,360,0.5201009679746772,out/g2_min1/dE0.010/r0/GeO_Ge120O240_d3p65_En6p40_20260816n214547_final.vasp
g2_min1,0.001,0.01,0.017006366921939353,-6.3782555479467655,1,1.6536886272649127,360,0.586556917913898,out/g2_min1/dE0.010/r1/GeO_Ge120O240_d3p65_En6p40_20260816n214809_final.vasp
g2_min1,0.001,0.012,0.0166095487766027,-6.378652366092102,1,1.6729386158884965,360,0.576030605122619,out/g2_min1/dE0.012/r0/GeO_Ge120O240_d3p65_En6p40_20260816n214712_final.vasp
g2_min1,0.001,0.012,0.024096583883546963,-6.371165330985158,1,1.6897748494893527,360,0.6065344959738772,out/g2_min1/dE0.012/r1/GeO_Ge120O240_d3p65_En6p40_20260816n214713_final.vasp
g2_min1,0.001,0.014,0.02280872455464511,-6.37245319031406,1,1.6468747582206817,360,0.6286674293120429,out/g2_min1/dE0.014/r0/GeO_Ge120O240_d3p65_En6p40_20260816n214935_final.vasp
g2_min1,0.001,0.014,0.01179744783029335,-6.3834644670384115,1,1.6728010178050705,360,0.5607818154631032,out/g2_min1/dE0.014/r1/GeO_Ge120O240_d3p65_En6p40_20260816n214837_final.vasp
g2_min1,0.001,0.016,0.033118695866533265,-6.362143219002172,1,1.6843376112495483,360,0.5818650451365234,out/g2_min1/dE0.016/r0/GeO_Ge120O240_d3p65_En6p40_20260816n214838_final.vasp
g2_min1,0.001,0.016,0.019143998030769716,-6.376117916837935,1,1.6535121397921781,360,0.6290061097098887,out/g2_min1/dE0.016/r1/GeO_Ge120O240_d3p65_En6p40_20260816n215102_final.vasp
g2_min1,0.001,0.018,0.02536452719553406,-6.369897387673171,1,1.6946803931708507,360,0.5829396558709716,out/g2_min1/dE0.018/r0/GeO_Ge120O240_d3p65_En6p40_20260816n215002_final.vasp
g2_min1,0.001,0.018,0.0172026300591952,-6.37805928480951,1,1.6174423667587494,360,0.620916251899441,out/g2_min1/dE0.018/r1/GeO_Ge120O240_d3p65_En6p40_20260816n215004_final.vasp
g2_min1,0.001,0.02,0.01045028380620483,-6.3848116310625,1,1.6697863042555023,360,0.5527607857051637,out/g2_min1/dE0.020/r0/GeO_Ge120O240_d3p65_En6p39_20260816n215232_final.vasp
g2_min1,0.001,0.02,0.024516512908107302,-6.370745401960598,1,1.6660086272573653,360,0.6117445483339724,out/g2_min1/dE0.020/r1/GeO_Ge120O240_d3p65_En6p39_20260816n215127_final.vasp
g2_min1,0.001,0.022,0.02325111954217718,-6.372010795326528,1,1.6681849093899324,360,0.6011540943740084,out/g2_min1/dE0.022/r0/GeO_Ge120O240_d3p65_En6p39_20260816n215128_final.vasp
g2_min1,0.001,0.022,0.021481161586567765,-6.373780753282137,1,1.6494688161533875,360,0.5787807831431457,out/g2_min1/dE0.022/r1/GeO_Ge120O240_d3p65_En6p39_20260816n215400_final.vasp
g2_min1,0.001,0.024,0.02717336345891308,-6.368088551409792,1,1.6284280604304266,360,0.7490891238313545,out/g2_min1/dE0.024/r0/GeO_Ge120O240_d3p65_En6p39_20260816n215253_final.vasp
g2_min1,0.001,0.024,0.021484346397891763,-6.373777568470813,1,1.635129629926444,360,0.5789639136004836,out/g2_min1/dE0.024/r1/GeO_Ge120O240_d3p65_En6p39_20260816n215254_final.vasp
g2_min1,0.001,0.026,0.024453549533202334,-6.3708083653355025,1,1.6894871464417267,360,0.5926816236412036,out/g2_min1/dE0.026/r0/GeO_Ge120O240_d3p65_En6p39_20260816n215526_final.vasp
g2_min1,0.001,0.026,0.03141950285000661,-6.363842412018698,1,1.654903248345937,360,0.6323382095501475,out/g2_min1/dE0.026/r1/GeO_Ge120O240_d3p65_En6p39_20260816n215418_final.vasp
g2_min1,0.001,0.028,0.020986098453692925,-6.374275816415012,1,1.6156590834109466,360,0.5741395672022815,out/g2_min1/dE0.028/r0/GeO_Ge120O240_d3p65_En6p39_20260816n215419_final.vasp
g2_min1,0.001,0.028,0.01757029540085142,-6.3776916194678535,1,1.6938634720056605,360,0.5560099317726516,out/g2_min1/dE0.028/r1/GeO_Ge120O240_d3p65_En6p39_20260816n215653_final.vasp
g2_min1,0.001,0.03,0.015300870746468576,-6.379961044122236,1,1.6801159939779748,360,0.5986276649267839,out/g2_min1/dE0.030/r0/GeO_Ge120O240_d3p65_En6p38_20260816n215543_final.vasp
g2_min1,0.001,0.03,0.024005376544726786,-6.371256538323978,1,1.6764663816307734,360,0.6147331253663718,out/g2_min1/dE0.030/r1/GeO_Ge120O240_d3p65_En6p38_20260816n215544_final.vasp
g2_min1,0.001,0.032,0.01711970010758357,-6.378142214761121,1,1.6638691976087818,360,0.636965018313916,out/g2_min1/dE0.032/r0/GeO_Ge120O240_d3p65_En6p38_20260816n215819_final.vasp
g2_min1,0.001,0.032,0.02910981445540628,-6.366152100413299,1,1.6650746225996662,360,0.6266718349427577,out/g2_min1/dE0.032/r1/GeO_Ge120O240_d3p65_En6p38_20260816n215708_final.vasp
g2_min1,0.001,0.034,0.0277914579312748,-6.36747045693743,1,1.68791734372508,360,0.6183592790618581,out/g2_min1/dE0.034/r0/GeO_Ge120O240_d3p65_En6p38_20260816n215710_final.vasp
g2_min1,0.001,0.034,0.017905341297102417,-6.3773565735716025,1,1.6726230578964227,360,0.6298035939707964,out/g2_min1/dE0.034/r1/GeO_Ge120O240_d3p65_En6p38_20260816n215945_final.vasp
g2_min1,0.001,0.036,0.032650189245542194,-6.362611725623163,1,1.6681501067634632,360,0.6491571332052857,out/g2_min1/dE0.036/r0/GeO_Ge120O240_d3p65_En6p38_20260816n215834_final.vasp
g2_min1,0.001,0.036,0.03325999725077633,-6.3620019176179285,1,1.6793445016070232,360,0.5864456008025631,out/g2_min1/dE0.036/r1/GeO_Ge120O240_d3p65_En6p38_20260816n215835_final.vasp
g2_min1,0.001,0.038,0.009467756200333355,-6.3857941586683715,1,1.6604553183797768,360,0.5812688498844804,out/g2_min1/dE0.038/r0/GeO_Ge120O240_d3p65_En6p38_20260816n220112_final.vasp
g2_min1,0.001,0.038,0.022397887905065694,-6.372864026963639,1,1.6707157857686386,360,0.6229865855799274,out/g2_min1/dE0.038/r1/GeO_Ge120O240_d3p65_En6p38_20260816n215959_final.vasp
g2_min1,0.001,0.04,0.023727844502622553,-6.371534070366082,1,1.6834146951745423,360,0.6030331900658592,out/g2_min1/dE0.040/r0/GeO_Ge120O240_d3p65_En6p37_20260816n215959_final.vasp
g2_min1,0.001,0.04,0.017145472978316256,-6.378116441890389,1,1.690014340791846,360,0.5815890174227123,out/g2_min1/dE0.040/r1/GeO_Ge120O240_d3p65_En6p37_20260816n220239_final.vasp
g2_min1,0.001,0.042,0.019072502295115257,-6.37618941257359,1,1.6832108790692972,360,0.5760987038310809,out/g2_min1/dE0.042/r0/GeO_Ge120O240_d3p65_En6p37_20260816n220124_final.vasp
g2_min1,0.001,0.042,0.022101765494710435,-6.373160149373994,1,1.6749061379349863,360,0.6497511455580106,out/g2_min1/dE0.042/r1/GeO_Ge120O240_d3p65_En6p37_20260816n220125_final.vasp
g2_min1,0.001,0.044,0.013665857229717915,-6.381596057638987,1,1.687230079873226,360,0.6215121086080503,out/g2_min1/dE0.044/r0/GeO_Ge120O240_d3p65_En6p37_20260816n220407_final.vasp
g2_min1,0.001,0.044,0.0260388678341803,-6.369223047034525,1,1.6642807871928404,360,0.6744729710183306,out/g2_min1/dE0.044/r1/GeO_Ge120O240_d3p65_En6p37_20260816n220249_final.vasp
g2_min1,0.001,0.046,0.034237834350371976,-6.361024080518333,1,1.6759015394839358,360,0.6558459506917795,out/g2_min1/dE0.046/r0/GeO_Ge120O240_d3p65_En6p37_20260816n220250_final.vasp
g2_min1,0.001,0.046,0.02234696789894386,-6.372914946969761,1,1.666679861329687,360,0.678892104819221,out/g2_min1/dE0.046/r1/GeO_Ge120O240_d3p65_En6p37_20260816n220534_final.vasp
g2_min1,0.001,0.048,0.02838070798536574,-6.366881206883339,1,1.6633747034511417,360,0.6110952744063639,out/g2_min1/dE0.048/r0/GeO_Ge120O240_d3p65_En6p37_20260816n220414_final.vasp
g2_min1,0.001,0.048,0.031871192794105774,-6.363390722074599,1,1.6896875238772622,360,0.5945143007024066,out/g2_min1/dE0.048/r1/GeO_Ge120O240_d3p65_En6p37_20260816n220415_final.vasp
g2_min1,0.001,0.05,0.019690917321703694,-6.375570997547001,1,1.6870217942381136,360,0.6241064283053985,out/g2_min1/dE0.050/r0/GeO_Ge120O240_d3p65_En6p36_20260816n220701_final.vasp
g2_min1,0.001,0.05,0.024683179113618614,-6.370578735755086,1,1.6782727158070134,360,0.6292680817656003,out/g2_min1/dE0.050/r1/GeO_Ge120O240_d3p65_En6p36_20260816n220539_final.vasp
g2_min1,0.001,0.052,0.03013051218171281,-6.365131402686992,1,1.6488580045205015,360,0.6959973141513952,out/g2_min1/dE0.052/r0/GeO_Ge120O240_d3p65_En6p36_20260816n220541_final.vasp
g2_min1,0.001,0.052,0.01718756837778823,-6.378074346490917,1,1.6869834172353761,360,0.6160898530341689,out/g2_min1/dE0.052/r1/GeO_Ge120O240_d3p65_En6p36_20260816n220827_final.vasp
g2_min1,0.001,0.054,0.02725912101976391,-6.368002793848941,1,1.6752361381288963,360,0.6563652367255199,out/g2_min1/dE0.054/r0/GeO_Ge120O240_d3p65_En6p36_20260816n220704_final.vasp
g2_min1,0.001,0.054,0.021940556802343636,-6.373321358066361,1,1.672152044143304,360,0.6217216393208247,out/g2_min1/dE0.054/r1/GeO_Ge120O240_d3p65_En6p36_20260816n220706_final.vasp
g2_min1,0.001,0.056,0.018871324977794757,-6.37639058989091,1,1.6552820072780798,360,0.6770894919229196,out/g2_min1/dE0.056/r0/GeO_Ge120O240_d3p65_En6p36_20260816n220954_final.vasp
g2_min1,0.001,0.056,0.03102577922923544,-6.364236135639469,1,1.637044314632129,360,0.7402187951110081,out/g2_min1/dE0.056/r1/GeO_Ge120O240_d3p65_En6p36_20260816n220829_final.vasp
g2_min1,0.001,0.058,0.01478433888921682,-6.380477575979488,1,1.6830482916956924,360,0.568455391750864,out/g2_min1/dE0.058/r0/GeO_Ge120O240_d3p65_En6p36_20260816n220831_final.vasp
g2_min1,0.001,0.058,0.035232333623356205,-6.360029581245349,1,1.6201945223300707,360,0.7308118551682503,out/g2_min1/dE0.058/r1/GeO_Ge120O240_d3p65_En6p36_20260816n221121_final.vasp
g2_min1,0.001,0.06,0.02543164734707659,-6.369830267521628,1,1.6961174165612014,360,0.6377689063418268,out/g2_min1/dE0.060/r0/GeO_Ge120O240_d3p65_En6p35_20260816n220954_final.vasp
g2_min1,0.001,0.06,0.03636586646533413,-6.358896048403371,1,1.6655785274430943,360,0.68495102933466,out/g2_min1/dE0.060/r1/GeO_Ge120O240_d3p65_En6p35_20260816n220956_final.vasp
g2_min1,0.001,0.062,0.028502458917079032,-6.366759455951626,1,1.691786173434688,360,0.6414402542878919,out/g2_min1/dE0.062/r0/GeO_Ge120O240_d3p65_En6p35_20260816n221247_final.vasp
g2_min1,0.001,0.062,0.04215836269022688,-6.353103552178478,1,1.6869408144193219,360,0.6666266448810833,out/g2_min1/dE0.062/r1/GeO_Ge120O240_d3p65_En6p35_20260816n221119_final.vasp
g2_min1,0.001,0.064,0.024220374795749677,-6.371041540072955,1,1.6477543666579995,360,0.6479211291630018,out/g2_min1/dE0.064/r0/GeO_Ge120O240_d3p65_En6p35_20260816n221121_final.vasp
g2_min1,0.001,0.064,0.028592587921650647,-6.366669326947054,1,1.6926571099162646,360,0.6901834539255284,out/g2_min1/dE0.064/r1/GeO_Ge120O240_d3p65_En6p35_20260816n221414_final.vasp
g2_min1,0.001,0.066,0.03133965254622062,-6.363922262322484,1,1.6677441484137459,360,0.6695016701719864,out/g2_min1/dE0.066/r0/GeO_Ge120O240_d3p65_En6p35_20260816n221244_final.vasp
g2_min1,0.001,0.066,0.028945012481624843,-6.36631690238708,1,1.6865469640325708,360,0.6632336953869703,out/g2_min1/dE0.066/r1/GeO_Ge120O240_d3p65_En6p35_20260816n221246_final.vasp
g2_min1,0.001,0.068,0.01655969819888714,-6.378702216669818,1,1.689803996999024,360,0.6674405432600439,out/g2_min1/dE0.068/r0/GeO_Ge120O240_d3p65_En6p35_20260816n221541_final.vasp
g2_min1,0.001,0.068,0.02900874220504779,-6.366253172663657,1,1.6736191444634227,360,0.635232345403166,out/g2_min1/dE0.068/r1/GeO_Ge120O240_d3p65_En6p35_20260816n221409_final.vasp
g2_min1,0.001,0.07,0.02713244912871282,-6.368129465739992,1,1.677397077057289,360,0.6817606770405763,out/g2_min1/dE0.070/r0/GeO_Ge120O240_d3p65_En6p34_20260816n221412_final.vasp
g2_min1,0.001,0.07,0.03846090775528932,-6.356801007113416,1,1.6710092321482948,360,0.6822520763569339,out/g2_min1/dE0.070/r1/GeO_Ge120O240_d3p65_En6p34_20260816n221707_final.vasp
g2_min1,0.001,0.072,0.027743117396330064,-6.367518797472375,1,1.6922283323404215,360,0.6447229228161107,out/g2_min1/dE0.072/r0/GeO_Ge120O240_d3p65_En6p34_20260816n221534_final.vasp
g2_min1,0.001,0.072,0.03067663055757386,-6.364585284311131,1,1.7056499984234825,360,0.6919300560531862,out/g2_min1/dE0.072/r1/GeO_Ge120O240_d3p65_En6p34_20260816n221537_final.vasp
g2_min1,0.001,0.074,0.02951963558973425,-6.365742279278971,1,1.6686292597317083,360,0.7123244188273956,out/g2_min1/dE0.074/r0/GeO_Ge120O240_d3p65_En6p34_20260816n221835_final.vasp
g2_min1,0.001,0.074,0.027974502113181643,-6.367287412755523,1,1.6682267223217957,360,0.7131041980575564,out/g2_min1/dE0.074/r1/GeO_Ge120O240_d3p65_En6p34_20260816n221659_final.vasp
g2_min1,0.001,0.076,0.025957778349681604,-6.369304136519023,1,1.6893590182848441,360,0.7221140585921003,out/g2_min1/dE0.076/r0/GeO_Ge120O240_d3p65_En6p34_20260816n221702_final.vasp
g2_min1,0.001,0.076,0.03547194868193593,-6.359789966186769,1,1.681157626819266,360,0.7241113386085546,out/g2_min1/dE0.076/r1/GeO_Ge120O240_d3p65_En6p34_20260816n222001_final.vasp
g2_min1,0.001,0.078,0.036762390475731266,-6.358499524392974,1,1.6880353468178093,360,0.7228405887209705,out/g2_min1/dE0.078/r0/GeO_Ge120O240_d3p65_En6p34_20260816n221824_final.vasp
g2_min1,0.001,0.078,0.030898252039399665,-6.364363662829305,1,1.6540633778858824,360,0.7222089913219781,out/g2_min1/dE0.078/r1/GeO_Ge120O240_d3p65_En6p34_20260816n221827_final.vasp
g2_min1,0.001,0.08,0.025765590423068474,-6.369496324445636,1,1.6769586615238214,360,0.7151435477488679,out/g2_min1/dE0.080/r0/GeO_Ge120O240_d3p65_En6p33_20260816n222128_final.vasp
g2_min1,0.001,0.08,0.02939932091143138,-6.3658625939572735,1,1.689737230388173,360,0.6809645194879164,out/g2_min1/dE0.080/r1/GeO_Ge120O240_d3p65_En6p33_20260816n221949_final.vasp
g2_min1,0.001,0.082,0.04636451912988271,-6.348897395738822,1,1.6809032900180292,360,0.7829817407913802,out/g2_min1/dE0.082/r0/GeO_Ge120O240_d3p65_En6p33_20260816n221952_final.vasp
g2_min1,0.001,0.082,0.020396670220006463,-6.374865244648698,1,1.6827042802449657,360,0.6887680669754752,out/g2_min1/dE0.082/r1/GeO_Ge120O240_d3p65_En6p33_20260816n222257_final.vasp
g2_min1,0.001,0.084,0.018596840927596503,-6.376665073941108,1,1.7032880469737102,360,0.7140896396521178,out/g2_min1/dE0.084/r0/GeO_Ge120O240_d3p65_En6p33_20260816n222114_final.vasp
g2_min1,0.001,0.084,0.03707109923743168,-6.358190815631273,1,1.6306142465832882,360,0.7379143412163308,out/g2_min1/dE0.084/r1/GeO_Ge120O240_d3p65_En6p33_20260816n222118_final.vasp
g2_min1,0.001,0.086,0.035654866255446116,-6.359607048613259,1,1.6923894615641253,360,0.6936611743943124,out/g2_min1/dE0.086/r0/GeO_Ge120O240_d3p65_En6p33_20260816n222423_final.vasp
g2_min1,0.001,0.086,0.02700004266282452,-6.36826187220588,1,1.7047813239409941,360,0.7326096656255916,out/g2_min1/dE0.086/r1/GeO_Ge120O240_d3p65_En6p33_20260816n222239_final.vasp
g2_min1,0.001,0.088,0.019038048103121596,-6.376223866765583,1,1.6906949104803233,360,0.6446534964637203,out/g2_min1/dE0.088/r0/GeO_Ge120O240_d3p65_En6p33_20260816n222243_final.vasp
g2_min1,0.001,0.088,0.025179436792895693,-6.370082478075809,1,1.6848742742053964,360,0.7471510272880312,out/g2_min1/dE0.088/r1/GeO_Ge120O240_d3p65_En6p33_20260816n222550_final.vasp
g2_min1,0.001,0.09,0.03373871130100081,-6.361523203567704,1,1.6864860205297187,360,0.7617197063612612,out/g2_min1/dE0.090/r0/GeO_Ge120O240_d3p65_En6p32_20260816n222404_final.vasp
g2_min1,0.001,0.09,0.03245663020205303,-6.362805284666652,1,1.6904962029859192,360,0.7154222957237071,out/g2_min1/dE0.090/r1/GeO_Ge120O240_d3p65_En6p32_20260816n222408_final.vasp
g2_min1,0.001,0.092,0.03740351242321438,-6.3578584024454905,1,1.7077305259815523,360,0.6923755792032229,out/g2_min1/dE0.092/r0/GeO_Ge120O240_d3p65_En6p32_20260816n222717_final.vasp
g2_min1,0.001,0.092,0.03955955563372804,-6.355702359234977,1,1.6933244383612394,360,0.8287091336504914,out/g2_min1/dE0.092/r1/GeO_Ge120O240_d3p65_En6p32_20260816n222529_final.vasp
g2_min1,0.001,0.094,0.03215361844495135,-6.3631082964237535,1,1.695729196509447,360,0.7194387050929617,out/g2_min1/dE0.094/r0/GeO_Ge120O240_d3p65_En6p32_20260816n222533_final.vasp
g2_min1,0.001,0.094,0.04667796738018648,-6.348583947488518,1,1.6465725177676758,360,0.8008910954457333,out/g2_min1/dE0.094/r1/GeO_Ge120O240_d3p65_En6p32_20260816n222844_final.vasp
g2_min1,0.001,0.096,0.04120180765132364,-6.354060107217381,1,1.6701102865083395,360,0.7848139948019363,out/g2_min1/dE0.096/r0/GeO_Ge120O240_d3p65_En6p32_20260816n222654_final.vasp
g2_min1,0.001,0.096,0.039289424840925236,-6.35597249002778,1,1.680737933539905,360,0.7994701115174119,out/g2_min1/dE0.096/r1/GeO_Ge120O240_d3p65_En6p32_20260816n222658_final.vasp
g2_min1,0.001,0.098,0.041742526618569364,-6.3535193882501355,1,1.6829476687774294,360,0.8191608209978504,out/g2_min1/dE0.098/r0/GeO_Ge120O240_d3p65_En6p32_20260816n223011_final.vasp
g2_min1,0.001,0.098,0.030204967932499827,-6.365056946936205,1,1.6605968654930507,360,0.7239255664688692,out/g2_min1/dE0.098/r1/GeO_Ge120O240_d3p65_En6p32_20260816n222819_final.vasp
g2_min1,0.001,0.1,0.033268766562736474,-6.361993148305968,1,1.6810142998881579,360,0.7194426901209008,out/g2_min1/dE0.100/r0/GeO_Ge120O240_d3p65_En6p31_20260816n222823_final.vasp
g2_min1,0.001,0.1,0.03980728265976019,-6.355454632208945,1,1.6954995001181628,360,0.7682589558077019,out/g2_min1/dE0.100/r1/GeO_Ge120O240_d3p65_En6p31_20260816n223137_final.vasp
g5_edm,0.02,0.0,0.008375262508152126,-6.386886652360553,1,1.711029738775648,360,0.22171622050948883,out/g5_edm/dE0.000/r0/GeO_Ge120O240_d3p65_En6p41_20260816n232833_final.vasp
g5_edm,0.02,0.0,0.016092746746766196,-6.379169168121939,1,1.6916911328349038,360,0.24148251883065766,out/g5_edm/dE0.000/r1/GeO_Ge120O240_d3p65_En6p41_20260816n232832_final.vasp
g5_edm,0.02,0.002,0.009347403995390025,-6.385914510873315,1,1.71132350919441,360,0.21549713039121945,out/g5_edm/dE0.002/r0/GeO_Ge120O240_d3p65_En6p41_20260816n232832_final.vasp
g5_edm,0.02,0.002,0.012336951192759571,-6.382924963675945,1,1.7144633082101732,360,0.22990257154391092,out/g5_edm/dE0.002/r1/GeO_Ge120O240_d3p65_En6p41_20260816n233002_final.vasp
g5_edm,0.02,0.004,0.007902765201574624,-6.38735914966713,1,1.6946423752822013,360,0.23063393057287382,out/g5_edm/dE0.004/r0/GeO_Ge120O240_d3p65_En6p41_20260816n233001_final.vasp
g5_edm,0.02,0.004,0.020196764443901394,-6.3750651504248035,1,1.6962874093909674,360,0.23462570244013092,out/g5_edm/dE0.004/r1/GeO_Ge120O240_d3p65_En6p41_20260816n233003_final.vasp
g5_edm,0.02,0.006,0.016359412335615886,-6.378902502533089,1,1.707576751006986,360,0.23777424451199927,out/g5_edm/dE0.006/r0/GeO_Ge120O240_d3p65_En6p41_20260816n233132_final.vasp
g5_edm,0.02,0.006,0.016282062125873686,-6.378979852742831,1,1.7022234206370659,360,0.24602881689029144,out/g5_edm/dE0.006/r1/GeO_Ge120O240_d3p65_En6p41_20260816n233129_final.vasp
g5_edm,0.02,0.008,0.01259934377153904,-6.382662571097166,1,1.6990469809018296,360,0.23451299114706115,out/g5_edm/dE0.008/r0/GeO_Ge120O240_d3p65_En6p41_20260816n233136_final.vasp
g5_edm,0.02,0.008,0.013940130010721141,-6.381321784857984,1,1.7118877869710964,360,0.24368803746633946,out/g5_edm/dE0.008/r1/GeO_Ge120O240_d3p65_En6p41_20260816n233301_final.vasp
g5_edm,0.02,0.01,0.011522212514451624,-6.383739702354253,1,1.70015715891936,360,0.20188735408202219,out/g5_edm/dE0.010/r0/GeO_Ge120O240_d3p65_En6p40_20260816n233259_final.vasp
g5_edm,0.02,0.01,0.011116766964927471,-6.384145147903777,1,1.7044287813748533,360,0.21503505950609877,out/g5_edm/dE0.010/r1/GeO_Ge120O240_d3p65_En6p40_20260816n233308_final.vasp
g5_edm,0.02,0.012,0.008104542073773757,-6.387157372794931,1,1.7096168615212646,360,0.21464576664613905,out/g5_edm/dE0.012/r0/GeO_Ge120O240_d3p65_En6p40_20260816n233430_final.vasp
g5_edm,0.02,0.012,0.005831598378025937,-6.389430316490679,1,1.7201633606648428,360,0.21946029084155189,out/g5_edm/dE0.012/r1/GeO_Ge120O240_d3p65_En6p40_20260816n233429_final.vasp
g5_edm,0.02,0.014,0.01706540842558013,-6.378196506443125,1,1.682353033960489,360,0.26216393580658515,out/g5_edm/dE0.014/r0/GeO_Ge120O240_d3p65_En6p40_20260816n233440_final.vasp
g5_edm,0.02,0.014,0.006361655913506681,-6.388900258955198,1,1.7058494133521527,360,0.20522850603654416,out/g5_edm/dE0.014/r1/GeO_Ge120O240_d3p65_En6p40_20260816n233600_final.vasp
g5_edm,0.02,0.016,0.018147690012459528,-6.377114224856245,1,1.7002818804948512,360,0.2249075095542207,out/g5_edm/dE0.016/r0/GeO_Ge120O240_d3p65_En6p40_20260816n233558_final.vasp
g5_edm,0.02,0.016,0.01870639918310424,-6.376555515685601,1,1.7105283644779112,360,0.2294218947039185,out/g5_edm/dE0.016/r1/GeO_Ge120O240_d3p65_En6p40_20260816n233613_final.vasp
g5_edm,0.02,0.018,0.009518948545649053,-6.385742966323056,1,1.6878550696403174,360,0.2219021721491345,out/g5_edm/dE0.018/r0/GeO_Ge120O240_d3p65_En6p40_20260816n233729_final.vasp
g5_edm,0.02,0.018,0.02204355832749183,-6.373218356541213,1,1.6705513118081585,360,0.24464709094719514,out/g5_edm/dE0.018/r1/GeO_Ge120O240_d3p65_En6p40_20260816n233727_final.vasp
g5_edm,0.02,0.02,0.010835365081424797,-6.38442654978728,1,1.6988471436967527,360,0.21550934915309256,out/g5_edm/dE0.020/r0/GeO_Ge120O240_d3p65_En6p39_20260816n233745_final.vasp
g5_edm,0.02,0.02,0.01349636883486216,-6.381765546033843,1,1.6988710357293588,360,0.21867724700178937,out/g5_edm/dE0.020/r1/GeO_Ge120O240_d3p65_En6p39_20260816n233859_final.vasp
g5_edm,0.02,0.022,0.015039069745240496,-6.380222845123464,1,1.7018605052409093,360,0.23075229193177732,out/g5_edm/dE0.022/r0/GeO_Ge120O240_d3p65_En6p39_20260816n233856_final.vasp
g5_edm,0.02,0.022,0.017994827912164446,-6.37726708695654,1,1.7081862735651765,360,0.2547338083879101,out/g5_edm/dE0.022/r1/GeO_Ge120O240_d3p65_En6p39_20260816n233915_final.vasp
g5_edm,0.02,0.024,0.00961934764875405,-6.385642567219951,1,1.6800604900137377,360,0.2004759109228237,out/g5_edm/dE0.024/r0/GeO_Ge120O240_d3p65_En6p39_20260816n234029_final.vasp
g5_edm,0.02,0.024,0.011343458940030082,-6.383918455928675,1,1.7117941519390618,360,0.24081290889868512,out/g5_edm/dE0.024/r1/GeO_Ge120O240_d3p65_En6p39_20260816n234023_final.vasp
g5_edm,0.02,0.026,0.02056911909164505,-6.37469279577706,1,1.6762879427146007,360,0.25458217509013753,out/g5_edm/dE0.026/r0/GeO_Ge120O240_d3p65_En6p39_20260816n234048_final.vasp
g5_edm,0.02,0.026,0.01378974591346882,-6.381472168955236,1,1.6762398315717877,360,0.2389294973050126,out/g5_edm/dE0.026/r1/GeO_Ge120O240_d3p65_En6p39_20260816n234158_final.vasp
g5_edm,0.02,0.028,0.009934112732953082,-6.385327802135752,1,1.704479036380912,360,0.222406778298631,out/g5_edm/dE0.028/r0/GeO_Ge120O240_d3p65_En6p39_20260816n234151_final.vasp
g5_edm,0.02,0.028,0.0065677079116577275,-6.388694206957047,1,1.7139635783233529,360,0.19844844845439708,out/g5_edm/dE0.028/r1/GeO_Ge120O240_d3p65_En6p39_20260816n234219_final.vasp
g5_edm,0.02,0.03,0.04587030090689215,-6.349391613961813,1,1.6523703788278752,360,0.7084772906350753,out/g5_edm/dE0.030/r0/GeO_Ge120O240_d3p65_En6p38_20260816n234327_final.vasp
g5_edm,0.02,0.03,0.015247824981477365,-6.3800140898872275,1,1.6819108830305962,360,0.23942578387403635,out/g5_edm/dE0.030/r1/GeO_Ge120O240_d3p65_En6p38_20260816n234320_final.vasp
g5_edm,0.02,0.032,0.012137963229087667,-6.383123951639617,1,1.7166214650686291,360,0.2065232900753215,out/g5_edm/dE0.032/r0/GeO_Ge120O240_d3p65_En6p38_20260816n234352_final.vasp
g5_edm,0.02,0.032,0.04320116625864667,-6.352060748610058,1,1.6738828666874817,360,0.7721996357686858,out/g5_edm/dE0.032/r1/GeO_Ge120O240_d3p65_En6p38_20260816n234456_final.vasp
g5_edm,0.02,0.034,0.027855081902503187,-6.367406832966202,1,1.6761604974443645,360,0.702837369633055,out/g5_edm/dE0.034/r0/GeO_Ge120O240_d3p65_En6p38_20260816n234450_final.vasp
g5_edm,0.02,0.034,0.039514149291548506,-6.355747765577156,1,1.6573963598296293,360,0.8596771209315269,out/g5_edm/dE0.034/r1/GeO_Ge120O240_d3p65_En6p38_20260816n234524_final.vasp
g5_edm,0.02,0.036,0.03691925617952396,-6.358342658689181,1,1.661074530593834,360,0.8274271153484636,out/g5_edm/dE0.036/r0/GeO_Ge120O240_d3p65_En6p38_20260816n234625_final.vasp
g5_edm,0.02,0.036,0.01968773872527052,-6.375574176143434,1,1.689911186272194,360,0.22470845191713454,out/g5_edm/dE0.036/r1/GeO_Ge120O240_d3p65_En6p38_20260816n234618_final.vasp
g5_edm,0.02,0.038,0.01403471670024814,-6.381227198168457,1,1.7022955197351792,360,0.21634343209486095,out/g5_edm/dE0.038/r0/GeO_Ge120O240_d3p65_En6p38_20260816n234655_final.vasp
g5_edm,0.02,0.038,0.039325452801207916,-6.355936462067497,1,1.6734452004779097,360,0.7539961115226463,out/g5_edm/dE0.038/r1/GeO_Ge120O240_d3p65_En6p38_20260816n234755_final.vasp
g5_edm,0.02,0.04,0.03411500578533566,-6.361146909083369,1,1.661951193645565,360,0.7867223817194463,out/g5_edm/dE0.040/r0/GeO_Ge120O240_d3p65_En6p37_20260816n234747_final.vasp
g5_edm,0.02,0.04,0.0360601106050078,-6.359201804263697,1,1.6618270879888286,360,0.7981639330591112,out/g5_edm/dE0.040/r1/GeO_Ge120O240_d3p65_En6p37_20260816n234826_final.vasp
g5_edm,0.02,0.042,0.042858912287168316,-6.352403002581537,1,1.6166901836048388,360,0.7944804026347564,out/g5_edm/dE0.042/r0/GeO_Ge120O240_d3p65_En6p37_20260816n234925_final.vasp
g5_edm,0.02,0.042,0.03938534264836502,-6.35587657222034,1,1.6406704334709539,360,0.8226392385939528,out/g5_edm/dE0.042/r1/GeO_Ge120O240_d3p65_En6p37_20260816n234916_final.vasp
g5_edm,0.02,0.044,0.008670501168623446,-6.386591413700081,1,1.717339979420679,360,0.2114243717060695,out/g5_edm/dE0.044/r0/GeO_Ge120O240_d3p65_En6p37_20260816n234958_final.vasp
g5_edm,0.02,0.044,0.04555071506198516,-6.34971119980672,1,1.6554820147722993,360,0.841908242861955,out/g5_edm/dE0.044/r1/GeO_Ge120O240_d3p65_En6p37_20260816n235055_final.vasp
g5_edm,0.02,0.046,0.034215691917002466,-6.361046222951702,1,1.653569568231628,360,0.8202816537329901,out/g5_edm/dE0.046/r0/GeO_Ge120O240_d3p65_En6p37_20260816n235044_final.vasp
g5_edm,0.02,0.046,0.03691467422745376,-6.358347240641251,1,1.5958180561496893,360,0.7836759585335314,out/g5_edm/dE0.046/r1/GeO_Ge120O240_d3p65_En6p37_20260816n235129_final.vasp
g5_edm,0.02,0.048,0.036932619051769144,-6.358329295816936,1,1.6641372947438433,360,0.8178094432129361,out/g5_edm/dE0.048/r0/GeO_Ge120O240_d3p65_En6p37_20260816n235224_final.vasp
g5_edm,0.02,0.048,0.0524791310926922,-6.342782783776013,1,1.6608514597861266,360,0.84145675593847,out/g5_edm/dE0.048/r1/GeO_Ge120O240_d3p65_En6p37_20260816n235212_final.vasp
g5_edm,0.02,0.05,0.056561693825507575,-6.338700221043197,1,1.6373924916158495,360,0.9065137172788176,out/g5_edm/dE0.050/r0/GeO_Ge120O240_d3p65_En6p36_20260816n235301_final.vasp
g5_edm,0.02,0.05,0.03339533318586163,-6.361866581682843,1,1.6581392527797416,360,0.7080970477099844,out/g5_edm/dE0.050/r1/GeO_Ge120O240_d3p65_En6p36_20260816n235354_final.vasp
g5_edm,0.02,0.052,0.03835008760881653,-6.356911827259888,1,1.6660090587237808,360,0.7703412607286152,out/g5_edm/dE0.052/r0/GeO_Ge120O240_d3p65_En6p36_20260816n235340_final.vasp
g5_edm,0.02,0.052,0.04104988793078146,-6.354212026937923,1,1.6549569487146585,360,0.8039133621518669,out/g5_edm/dE0.052/r1/GeO_Ge120O240_d3p65_En6p36_20260816n235433_final.vasp
g5_edm,0.02,0.054,0.014374021451726726,-6.380887893416978,1,1.7210139383847092,360,0.1904888078955599,out/g5_edm/dE0.054/r0/GeO_Ge120O240_d3p65_En6p36_20260816n235524_final.vasp
g5_edm,0.02,0.054,0.049152287083297,-6.346109627785408,1,1.6542360871963133,360,0.8545261840182409,out/g5_edm/dE0.054/r1/GeO_Ge120O240_d3p65_En6p36_20260816n235509_final.vasp
g5_edm,0.02,0.056,0.05062436673119741,-6.3446375481375075,1,1.6532617602692259,360,0.8202892852068946,out/g5_edm/dE0.056/r0/GeO_Ge120O240_d3p65_En6p36_20260816n235605_final.vasp
g5_edm,0.02,0.056,0.035844710292726845,-6.359417204575978,1,1.6724756243673784,360,0.6883042400013862,out/g5_edm/dE0.056/r1/GeO_Ge120O240_d3p65_En6p36_20260816n235652_final.vasp
g5_edm,0.02,0.058,0.03473697709419188,-6.360524937774513,1,1.666113074452732,360,0.7756151562430734,out/g5_edm/dE0.058/r0/GeO_Ge120O240_d3p65_En6p36_20260816n235638_final.vasp
g5_edm,0.02,0.058,0.035860969598305203,-6.3594009452704,1,1.6662068673113284,360,0.780936046147951,out/g5_edm/dE0.058/r1/GeO_Ge120O240_d3p65_En6p36_20260816n235737_final.vasp
g5_edm,0.02,0.06,0.041431388575733585,-6.353830526292971,1,1.6454900652084068,360,0.7944916644061117,out/g5_edm/dE0.060/r0/GeO_Ge120O240_d3p65_En6p35_20260816n235822_final.vasp
g5_edm,0.02,0.06,0.03368667430708516,-6.36157524056162,1,1.6684554393905788,360,0.675176137702352,out/g5_edm/dE0.060/r1/GeO_Ge120O240_d3p65_En6p35_20260816n235806_final.vasp
g5_edm,0.02,0.062,0.036091783414163636,-6.359170131454541,1,1.6586065438657827,360,0.7822747958701952,out/g5_edm/dE0.062/r0/GeO_Ge120O240_d3p65_En6p35_20260816n235909_final.vasp
g5_edm,0.02,0.062,0.038683487170969144,-6.356578427697736,1,1.6560818690355676,360,0.7844219757627012,out/g5_edm/dE0.062/r1/GeO_Ge120O240_d3p65_En6p35_20260816n235951_final.vasp
g5_edm,0.02,0.064,0.037977758025971475,-6.357284156842733,1,1.668898838031391,360,0.7494116979128459,out/g5_edm/dE0.064/r0/GeO_Ge120O240_d3p65_En6p35_20260816n235935_final.vasp
g5_edm,0.02,0.064,0.032458294027270185,-6.362803620841435,1,1.6652026749251918,360,0.7483174181631371,out/g5_edm/dE0.064/r1/GeO_Ge120O240_d3p65_En6p35_20260817n000041_final.vasp
g5_edm,0.02,0.066,0.03771194902644659,-6.357549965842258,1,1.6622409046915332,360,0.77729576270129,out/g5_edm/dE0.066/r0/GeO_Ge120O240_d3p65_En6p35_20260817n000121_final.vasp
g5_edm,0.02,0.066,0.037906735039877404,-6.3573551798288275,1,1.6460877231983908,360,0.8134812247882965,out/g5_edm/dE0.066/r1/GeO_Ge120O240_d3p65_En6p35_20260817n000104_final.vasp
g5_edm,0.02,0.068,0.04132796708011277,-6.353933947788592,1,1.591315759529219,360,0.8536464908807233,out/g5_edm/dE0.068/r0/GeO_Ge120O240_d3p65_En6p35_20260817n000214_final.vasp
g5_edm,0.02,0.068,0.040553686038798276,-6.354708228829907,1,1.6617615484156039,360,0.7216891679241876,out/g5_edm/dE0.068/r1/GeO_Ge120O240_d3p65_En6p35_20260817n000251_final.vasp
g5_edm,0.02,0.07,0.04294580980635754,-6.352316105062347,1,1.6600737139829609,360,0.8884170020100812,out/g5_edm/dE0.070/r0/GeO_Ge120O240_d3p65_En6p34_20260817n000233_final.vasp
g5_edm,0.02,0.07,0.05090533131110053,-6.344356583557604,1,1.625914959726413,360,0.827967731151168,out/g5_edm/dE0.070/r1/GeO_Ge120O240_d3p65_En6p34_20260817n000346_final.vasp
g5_edm,0.02,0.072,0.043467112101633454,-6.351794802767071,1,1.6675378050158935,360,0.8190081356825577,out/g5_edm/dE0.072/r0/GeO_Ge120O240_d3p65_En6p34_20260817n000421_final.vasp
g5_edm,0.02,0.072,0.04399795046182842,-6.3512639644068765,1,1.66408122887363,360,0.7961836567031337,out/g5_edm/dE0.072/r1/GeO_Ge120O240_d3p65_En6p34_20260817n000402_final.vasp
g5_edm,0.02,0.074,0.03968350863686965,-6.355578406231835,1,1.6749395356464807,360,0.7906698471485767,out/g5_edm/dE0.074/r0/GeO_Ge120O240_d3p65_En6p34_20260817n000519_final.vasp
g5_edm,0.02,0.074,0.0400928342210527,-6.355169080647652,1,1.679021470759625,360,0.7690936892674989,out/g5_edm/dE0.074/r1/GeO_Ge120O240_d3p65_En6p34_20260817n000550_final.vasp
g5_edm,0.02,0.076,0.036520760321509194,-6.358741154547196,1,1.6568415405456776,360,0.8203550391362171,out/g5_edm/dE0.076/r0/GeO_Ge120O240_d3p65_En6p34_20260817n000530_final.vasp
g5_edm,0.02,0.076,0.03870276867320399,-6.356559146195501,1,1.6693092927605093,360,0.8053978449795559,out/g5_edm/dE0.076/r1/GeO_Ge120O240_d3p65_En6p34_20260817n000650_final.vasp
g5_edm,0.02,0.078,0.04356528486907507,-6.35169662999963,1,1.6190411483900202,360,0.8168745751459454,out/g5_edm/dE0.078/r0/GeO_Ge120O240_d3p65_En6p34_20260817n000720_final.vasp
g5_edm,0.02,0.078,0.04037863373091177,-6.354883281137793,1,1.669845612705442,360,0.7893950041650892,out/g5_edm/dE0.078/r1/GeO_Ge120O240_d3p65_En6p34_20260817n000700_final.vasp
g5_edm,0.02,0.08,0.0422962472253694,-6.3529656676433355,1,1.6725599765814285,360,0.7801633407927848,out/g5_edm/dE0.080/r0/GeO_Ge120O240_d3p65_En6p33_20260817n000822_final.vasp
g5_edm,0.02,0.08,0.041955780402838094,-6.353306134465867,1,1.6486755822940686,360,0.7734694942787567,out/g5_edm/dE0.080/r1/GeO_Ge120O240_d3p65_En6p33_20260817n000850_final.vasp
g5_edm,0.02,0.082,0.04753900016893109,-6.347722914699774,1,1.6432329729799662,360,0.7869561872452346,out/g5_edm/dE0.082/r0/GeO_Ge120O240_d3p65_En6p33_20260817n000830_final.vasp
g5_edm,0.02,0.082,0.032690916217887,-6.362570998650818,1,1.6576096024992741,360,0.8010641083248576,out/g5_edm/dE0.082/r1/GeO_Ge120O240_d3p65_En6p33_20260817n000954_final.vasp
g5_edm,0.02,0.084,0.04476524925089276,-6.350496665617812,1,1.6820177520722315,360,0.8021772960434576,out/g5_edm/dE0.084/r0/GeO_Ge120O240_d3p65_En6p33_20260817n001018_final.vasp
g5_edm,0.02,0.084,0.03948892960585848,-6.355772985262846,1,1.6466218108496646,360,0.8456709121553142,out/g5_edm/dE0.084/r1/GeO_Ge120O240_d3p65_En6p33_20260817n000958_final.vasp
g5_edm,0.02,0.086,0.041433656798019136,-6.353828258070686,1,1.6527918422312282,360,0.7907232072044768,out/g5_edm/dE0.086/r0/GeO_Ge120O240_d3p65_En6p33_20260817n001126_final.vasp
g5_edm,0.02,0.086,0.0349080241230153,-6.36035389074569,1,1.6509033379171538,360,0.8857148378281418,out/g5_edm/dE0.086/r1/GeO_Ge120O240_d3p65_En6p33_20260817n001147_final.vasp
g5_edm,0.02,0.088,0.03948150222455293,-6.355780412644152,1,1.6541872209279194,360,0.8111711734293837,out/g5_edm/dE0.088/r0/GeO_Ge120O240_d3p65_En6p33_20260817n001126_final.vasp
g5_edm,0.02,0.088,0.04353771709609333,-6.3517241977726115,1,1.66723274065228,360,0.7911995483165103,out/g5_edm/dE0.088/r1/GeO_Ge120O240_d3p65_En6p33_20260817n001257_final.vasp
g5_edm,0.02,0.09,0.04480126433902143,-6.3504606505296834,1,1.6565670282316527,360,0.8576480238863646,out/g5_edm/dE0.090/r0/GeO_Ge120O240_d3p65_En6p32_20260817n001316_final.vasp
g5_edm,0.02,0.09,0.046908010015736856,-6.348353904852968,1,1.6697338895190057,360,0.7316251188007488,out/g5_edm/dE0.090/r1/GeO_Ge120O240_d3p65_En6p32_20260817n001255_final.vasp
g5_edm,0.02,0.092,0.0403111780159886,-6.354950736852716,1,1.6686202791128246,360,0.8023401681113507,out/g5_edm/dE0.092/r0/GeO_Ge120O240_d3p65_En6p32_20260817n001428_final.vasp
g5_edm,0.02,0.092,0.04244868251938794,-6.352813232349317,1,1.6665928006868649,360,0.8026481066187979,out/g5_edm/dE0.092/r1/GeO_Ge120O240_d3p65_En6p32_20260817n001446_final.vasp
g5_edm,0.02,0.094,0.057355322120701935,-6.337906592748003,1,1.6525481481943716,360,0.9422398751740418,out/g5_edm/dE0.094/r0/GeO_Ge120O240_d3p65_En6p32_20260817n001424_final.vasp
g5_edm,0.02,0.094,0.04718189228048608,-6.348080022588219,1,1.644863493924233,360,0.7260303699334829,out/g5_edm/dE0.094/r1/GeO_Ge120O240_d3p65_En6p32_20260817n001600_final.vasp
g5_edm,0.02,0.096,0.0539688338618598,-6.341293081006845,1,1.6613150121000932,360,0.872882594220906,out/g5_edm/dE0.096/r0/GeO_Ge120O240_d3p65_En6p32_20260817n001613_final.vasp
g5_edm,0.02,0.096,0.04436680138868265,-6.350895113480022,1,1.660203004053011,360,0.8160318736565866,out/g5_edm/dE0.096/r1/GeO_Ge120O240_d3p65_En6p32_20260817n001553_final.vasp
g5_edm,0.02,0.098,0.0493607974060879,-6.345901117462617,1,1.6505556263054055,360,0.8767422926256161,out/g5_edm/dE0.098/r0/GeO_Ge120O240_d3p65_En6p32_20260817n001731_final.vasp
g5_edm,0.02,0.098,0.045235414310911715,-6.350026500557793,1,1.6689641798786445,360,0.8471760043141977,out/g5_edm/dE0.098/r1/GeO_Ge120O240_d3p65_En6p32_20260817n001743_final.vasp
g5_edm,0.02,0.1,0.04067376831836622,-6.354588146550339,1,1.6706502279732987,360,0.814541660236237,out/g5_edm/dE0.100/r0/GeO_Ge120O240_d3p65_En6p31_20260817n001722_final.vasp
g5_edm,0.02,0.1,0.055819117736077395,-6.3394427971326275,1,1.6656572504579246,360,0.8584229878902746,out/g5_edm/dE0.100/r1/GeO_Ge120O240_d3p65_En6p31_20260817n001903_final.vasp
g6_dm2_edm,0.02,0.0,0.013624498939736718,-6.381637415928968,1,1.7120112646075036,360,0.24073192001069033,out/g6_dm2_edm/dE0.000/r0/GeO_Ge120O240_d3p65_En6p41_20260816n204743_final.vasp
g6_dm2_edm,0.02,0.0,0.009789870222798314,-6.385472044645907,1,1.7143271499523869,360,0.24416643057451307,out/g6_dm2_edm/dE0.000/r1/GeO_Ge120O240_d3p65_En6p41_20260816n204748_final.vasp
g6_dm2_edm,0.02,0.002,0.02381301693411597,-6.371448897934589,1,1.7138119145771147,360,0.3070133883855711,out/g6_dm2_edm/dE0.002/r0/GeO_Ge120O240_d3p65_En6p41_20260816n204918_final.vasp
g6_dm2_edm,0.02,0.002,0.02599773375029457,-6.36926418111841,1,1.6397482338597509,360,0.2835241839891617,out/g6_dm2_edm/dE0.002/r1/GeO_Ge120O240_d3p65_En6p41_20260816n204918_final.vasp
g6_dm2_edm,0.02,0.004,0.006884180750492241,-6.388377734118213,1,1.685868220876923,360,0.2199349726807231,out/g6_dm2_edm/dE0.004/r0/GeO_Ge120O240_d3p65_En6p41_20260816n204922_final.vasp
g6_dm2_edm,0.02,0.004,0.014171568906442111,-6.381090345962263,1,1.7210714045328628,360,0.24599879748836342,out/g6_dm2_edm/dE0.004/r1/GeO_Ge120O240_d3p65_En6p41_20260816n205054_final.vasp
g6_dm2_edm,0.02,0.006,0.028634433968378836,-6.366627480900326,1,1.6771177439025169,360,0.26108413887665516,out/g6_dm2_edm/dE0.006/r0/GeO_Ge120O240_d3p65_En6p41_20260816n205054_final.vasp
g6_dm2_edm,0.02,0.006,0.021061036215371587,-6.374200878653333,1,1.7017429168773976,360,0.24372161358705857,out/g6_dm2_edm/dE0.006/r1/GeO_Ge120O240_d3p65_En6p41_20260816n205057_final.vasp
g6_dm2_edm,0.02,0.008,0.025295769647167177,-6.369966145221538,1,1.7037734389654244,360,0.24506614623724843,out/g6_dm2_edm/dE0.008/r0/GeO_Ge120O240_d3p65_En6p41_20260816n205230_final.vasp
g6_dm2_edm,0.02,0.008,0.015998133672001202,-6.379263781196704,1,1.6879878053648394,360,0.2657924084239736,out/g6_dm2_edm/dE0.008/r1/GeO_Ge120O240_d3p65_En6p41_20260816n205228_final.vasp
g6_dm2_edm,0.02,0.01,0.0055894728966610074,-6.389672441972044,1,1.7173980003630136,360,0.21726059055052996,out/g6_dm2_edm/dE0.010/r0/GeO_Ge120O240_d3p65_En6p40_20260816n205231_final.vasp
g6_dm2_edm,0.02,0.01,0.0219307640002242,-6.373331150868481,1,1.7051167984756765,360,0.23422852275747097,out/g6_dm2_edm/dE0.010/r1/GeO_Ge120O240_d3p65_En6p40_20260816n205406_final.vasp
g6_dm2_edm,0.02,0.012,0.011234541863106351,-6.3840273730055985,1,1.7175592906629729,360,0.22879442967506233,out/g6_dm2_edm/dE0.012/r0/GeO_Ge120O240_d3p65_En6p40_20260816n205402_final.vasp
g6_dm2_edm,0.02,0.012,0.010658021446955601,-6.384603893421749,1,1.7127645078195006,360,0.2217797854674586,out/g6_dm2_edm/dE0.012/r1/GeO_Ge120O240_d3p65_En6p40_20260816n205405_final.vasp
g6_dm2_edm,0.02,0.014,0.015933970570329414,-6.3793279442983755,1,1.7111690851810646,360,0.24971069263919565,out/g6_dm2_edm/dE0.014/r0/GeO_Ge120O240_d3p65_En6p40_20260816n205542_final.vasp
g6_dm2_edm,0.02,0.014,0.014805031078494402,-6.3804568837902105,1,1.7058373681579373,360,0.2521617270124449,out/g6_dm2_edm/dE0.014/r1/GeO_Ge120O240_d3p65_En6p40_20260816n205536_final.vasp
g6_dm2_edm,0.02,0.016,0.01572299863096127,-6.379538916237744,1,1.7003920740608645,360,0.2401791727236776,out/g6_dm2_edm/dE0.016/r0/GeO_Ge120O240_d3p65_En6p40_20260816n205539_final.vasp
g6_dm2_edm,0.02,0.016,0.017520111270108885,-6.377741803598596,1,1.7149280585799886,360,0.2390238338838541,out/g6_dm2_edm/dE0.016/r1/GeO_Ge120O240_d3p65_En6p40_20260816n205718_final.vasp
g6_dm2_edm,0.02,0.018,0.01464767242308973,-6.380614242445615,1,1.6460394801548481,360,0.2327210080868214,out/g6_dm2_edm/dE0.018/r0/GeO_Ge120O240_d3p65_En6p40_20260816n205710_final.vasp
g6_dm2_edm,0.02,0.018,0.021532700562565843,-6.373729214306139,1,1.7130623234954456,360,0.26078166706762035,out/g6_dm2_edm/dE0.018/r1/GeO_Ge120O240_d3p65_En6p40_20260816n205713_final.vasp
g6_dm2_edm,0.02,0.02,0.012962410221820875,-6.382299504646884,1,1.7150867580945492,360,0.22932639314346598,out/g6_dm2_edm/dE0.020/r0/GeO_Ge120O240_d3p65_En6p39_20260816n205854_final.vasp
g6_dm2_edm,0.02,0.02,0.01654273059942568,-6.378719184269279,1,1.6976273685719727,360,0.23242489378583336,out/g6_dm2_edm/dE0.020/r1/GeO_Ge120O240_d3p65_En6p39_20260816n205846_final.vasp
g6_dm2_edm,0.02,0.022,0.01993471594355789,-6.375327198925147,1,1.6856357336972403,360,0.26243836936699183,out/g6_dm2_edm/dE0.022/r0/GeO_Ge120O240_d3p65_En6p39_20260816n205847_final.vasp
g6_dm2_edm,0.02,0.022,0.01800223207922702,-6.377259682789478,1,1.7028156735554272,360,0.28771441522725927,out/g6_dm2_edm/dE0.022/r1/GeO_Ge120O240_d3p65_En6p39_20260816n210030_final.vasp
g6_dm2_edm,0.02,0.024,0.025647424862914825,-6.36961449000579,1,1.67525439629666,360,0.2917234867922947,out/g6_dm2_edm/dE0.024/r0/GeO_Ge120O240_d3p65_En6p39_20260816n210020_final.vasp
g6_dm2_edm,0.02,0.024,0.013046615536890904,-6.382215299331814,1,1.693797868411644,360,0.24319428980927513,out/g6_dm2_edm/dE0.024/r1/GeO_Ge120O240_d3p65_En6p39_20260816n210022_final.vasp
g6_dm2_edm,0.02,0.026,0.022944903151943308,-6.372317011716762,1,1.6928745396411602,360,0.24494696755567866,out/g6_dm2_edm/dE0.026/r0/GeO_Ge120O240_d3p65_En6p39_20260816n210206_final.vasp
g6_dm2_edm,0.02,0.026,0.01316814173281955,-6.382093773135885,1,1.692024144675868,360,0.23896306503840162,out/g6_dm2_edm/dE0.026/r1/GeO_Ge120O240_d3p65_En6p39_20260816n210200_final.vasp
g6_dm2_edm,0.02,0.028,0.022434477864590185,-6.372827437004115,1,1.6894345552323475,360,0.2857382138853653,out/g6_dm2_edm/dE0.028/r0/GeO_Ge120O240_d3p65_En6p39_20260816n210200_final.vasp
g6_dm2_edm,0.02,0.028,0.013549325146796853,-6.381712589721908,1,1.6917738538751599,360,0.274382986625609,out/g6_dm2_edm/dE0.028/r1/GeO_Ge120O240_d3p65_En6p39_20260816n210342_final.vasp
g6_dm2_edm,0.02,0.03,0.01289083562833504,-6.38237107924037,1,1.689737339237639,360,0.24537479953029062,out/g6_dm2_edm/dE0.030/r0/GeO_Ge120O240_d3p65_En6p38_20260816n210335_final.vasp
g6_dm2_edm,0.02,0.03,0.02063625054433338,-6.3746256643243715,1,1.6604628901157434,360,0.3173401465568372,out/g6_dm2_edm/dE0.030/r1/GeO_Ge120O240_d3p65_En6p38_20260816n210335_final.vasp
g6_dm2_edm,0.02,0.032,0.00988219591649564,-6.385379718952209,1,1.700332801376334,360,0.2905750647708119,out/g6_dm2_edm/dE0.032/r0/GeO_Ge120O240_d3p65_En6p38_20260816n210518_final.vasp
g6_dm2_edm,0.02,0.032,0.010260268602601208,-6.385001646266104,1,1.7041175971513,360,0.30481680781271514,out/g6_dm2_edm/dE0.032/r1/GeO_Ge120O240_d3p65_En6p38_20260816n210510_final.vasp
g6_dm2_edm,0.02,0.034,0.018907115533473018,-6.376354799335232,1,1.6822584195137618,360,0.47631033798393047,out/g6_dm2_edm/dE0.034/r0/GeO_Ge120O240_d3p65_En6p38_20260816n210510_final.vasp
g6_dm2_edm,0.02,0.034,0.0245019646715523,-6.370759950197153,1,1.685484487248673,360,0.41157415785413204,out/g6_dm2_edm/dE0.034/r1/GeO_Ge120O240_d3p65_En6p38_20260816n210653_final.vasp
g6_dm2_edm,0.02,0.036,0.014189211259000523,-6.381072703609704,1,1.6895335439533996,360,0.3368166347407242,out/g6_dm2_edm/dE0.036/r0/GeO_Ge120O240_d3p65_En6p38_20260816n210644_final.vasp
g6_dm2_edm,0.02,0.036,0.023933369605749988,-6.371328545262955,1,1.6767142131671147,360,0.4869307490404327,out/g6_dm2_edm/dE0.036/r1/GeO_Ge120O240_d3p65_En6p38_20260816n210644_final.vasp
g6_dm2_edm,0.02,0.038,0.01717321792068649,-6.378088696948018,1,1.6681575200376817,360,0.533869716671393,out/g6_dm2_edm/dE0.038/r0/GeO_Ge120O240_d3p65_En6p38_20260816n210829_final.vasp
g6_dm2_edm,0.02,0.038,0.015426859771761059,-6.379835055096944,1,1.706197794300378,360,0.36973800753793,out/g6_dm2_edm/dE0.038/r1/GeO_Ge120O240_d3p65_En6p38_20260816n210818_final.vasp
g6_dm2_edm,0.02,0.04,0.028606038254518573,-6.366655876614186,1,1.6984159942811483,360,0.2457211127172608,out/g6_dm2_edm/dE0.040/r0/GeO_Ge120O240_d3p65_En6p37_20260816n210819_final.vasp
g6_dm2_edm,0.02,0.04,0.023297288859974508,-6.37196462600873,1,1.7146821750407935,360,0.26605703824808064,out/g6_dm2_edm/dE0.040/r1/GeO_Ge120O240_d3p65_En6p37_20260816n211005_final.vasp
g6_dm2_edm,0.02,0.042,0.018974372812330387,-6.3762875420563745,1,1.708306858981078,360,0.247011557156245,out/g6_dm2_edm/dE0.042/r0/GeO_Ge120O240_d3p65_En6p37_20260816n210953_final.vasp
g6_dm2_edm,0.02,0.042,0.022269016969727495,-6.372992897898977,1,1.6952221917020673,360,0.37464570945757464,out/g6_dm2_edm/dE0.042/r1/GeO_Ge120O240_d3p65_En6p37_20260816n210953_final.vasp
g6_dm2_edm,0.02,0.044,0.020446244236588917,-6.374815670632116,1,1.6339703116669395,360,0.4530964324282778,out/g6_dm2_edm/dE0.044/r0/GeO_Ge120O240_d3p65_En6p37_20260816n211142_final.vasp
g6_dm2_edm,0.02,0.044,0.026766062520656497,-6.368495852348048,1,1.678821055858492,360,0.5034088059446027,out/g6_dm2_edm/dE0.044/r1/GeO_Ge120O240_d3p65_En6p37_20260816n211130_final.vasp
g6_dm2_edm,0.02,0.046,0.007104897954946843,-6.388157016913758,1,1.6999765290859195,360,0.2752040925264831,out/g6_dm2_edm/dE0.046/r0/GeO_Ge120O240_d3p65_En6p37_20260816n211129_final.vasp
g6_dm2_edm,0.02,0.046,0.022985469799727376,-6.3722764450689775,1,1.6814603035445068,360,0.31647836492538417,out/g6_dm2_edm/dE0.046/r1/GeO_Ge120O240_d3p65_En6p37_20260816n211318_final.vasp
g6_dm2_edm,0.02,0.048,0.022415366482247734,-6.372846548386457,1,1.6795055591694916,360,0.43317437008227805,out/g6_dm2_edm/dE0.048/r0/GeO_Ge120O240_d3p65_En6p37_20260816n211304_final.vasp
g6_dm2_edm,0.02,0.048,0.018786600314583346,-6.3764753145541215,1,1.6721536729388278,360,0.41758616248852376,out/g6_dm2_edm/dE0.048/r1/GeO_Ge120O240_d3p65_En6p37_20260816n211304_final.vasp
g6_dm2_edm,0.02,0.05,0.018629075535817385,-6.3766328393328875,1,1.6651892568358004,360,0.5377558348993979,out/g6_dm2_edm/dE0.050/r0/GeO_Ge120O240_d3p65_En6p36_20260816n211454_final.vasp
g6_dm2_edm,0.02,0.05,0.01784697992487594,-6.377414934943829,1,1.695785613605195,360,0.38676204500610484,out/g6_dm2_edm/dE0.050/r1/GeO_Ge120O240_d3p65_En6p36_20260816n211438_final.vasp
g6_dm2_edm,0.02,0.052,0.029148524776728912,-6.366113390091976,1,1.6660445907915675,360,0.4298057317193325,out/g6_dm2_edm/dE0.052/r0/GeO_Ge120O240_d3p65_En6p36_20260816n211438_final.vasp
g6_dm2_edm,0.02,0.052,0.018754749429849227,-6.376507165438856,1,1.6724817286519067,360,0.44126013236489525,out/g6_dm2_edm/dE0.052/r1/GeO_Ge120O240_d3p65_En6p36_20260816n211630_final.vasp
g6_dm2_edm,0.02,0.054,0.01575563196102525,-6.37950628290768,1,1.6800883353660274,360,0.6158821762419904,out/g6_dm2_edm/dE0.054/r0/GeO_Ge120O240_d3p65_En6p36_20260816n211613_final.vasp
g6_dm2_edm,0.02,0.054,0.013875536721343451,-6.381386378147361,1,1.6330734733204897,360,0.4057580753056984,out/g6_dm2_edm/dE0.054/r1/GeO_Ge120O240_d3p65_En6p36_20260816n211613_final.vasp
g6_dm2_edm,0.02,0.056,0.010138985899870612,-6.385122928968834,1,1.6990284823820951,360,0.399238759693615,out/g6_dm2_edm/dE0.056/r0/GeO_Ge120O240_d3p65_En6p36_20260816n211806_final.vasp
g6_dm2_edm,0.02,0.056,0.023394992103034085,-6.371866922765671,1,1.6821908353835482,360,0.41999670689090673,out/g6_dm2_edm/dE0.056/r1/GeO_Ge120O240_d3p65_En6p36_20260816n211748_final.vasp
g6_dm2_edm,0.02,0.058,0.03156251184408543,-6.3636994030246194,1,1.675028632621128,360,0.573772888850922,out/g6_dm2_edm/dE0.058/r0/GeO_Ge120O240_d3p65_En6p36_20260816n211747_final.vasp
g6_dm2_edm,0.02,0.058,0.022603667016668716,-6.372658247852036,1,1.6814872548475863,360,0.426311990205894,out/g6_dm2_edm/dE0.058/r1/GeO_Ge120O240_d3p65_En6p36_20260816n211943_final.vasp
g6_dm2_edm,0.02,0.06,0.021132270237810502,-6.374129644630894,1,1.6710674755720365,360,0.5402096246934134,out/g6_dm2_edm/dE0.060/r0/GeO_Ge120O240_d3p65_En6p35_20260816n211923_final.vasp
g6_dm2_edm,0.02,0.06,0.027418959639426532,-6.367842955229278,1,1.679235464538131,360,0.5307831591643428,out/g6_dm2_edm/dE0.060/r1/GeO_Ge120O240_d3p65_En6p35_20260816n211923_final.vasp
g6_dm2_edm,0.02,0.062,0.027745142381428778,-6.367516772487276,1,1.6706943090846558,360,0.554967481231804,out/g6_dm2_edm/dE0.062/r0/GeO_Ge120O240_d3p65_En6p35_20260816n212119_final.vasp
g6_dm2_edm,0.02,0.062,0.039812674522191394,-6.3554492403465135,1,1.6594679238253935,360,0.6962500954885527,out/g6_dm2_edm/dE0.062/r1/GeO_Ge120O240_d3p65_En6p35_20260816n212057_final.vasp
g6_dm2_edm,0.02,0.064,0.024077978229109398,-6.3711839366395955,1,1.6999245322810963,360,0.41747016795018105,out/g6_dm2_edm/dE0.064/r0/GeO_Ge120O240_d3p65_En6p35_20260816n212057_final.vasp
g6_dm2_edm,0.02,0.064,0.026703144150366676,-6.368558770718338,1,1.6981127862920586,360,0.3718723845616408,out/g6_dm2_edm/dE0.064/r1/GeO_Ge120O240_d3p65_En6p35_20260816n212257_final.vasp
g6_dm2_edm,0.02,0.066,0.03165113915948048,-6.363610775709224,1,1.6871612483251668,360,0.5610110638793836,out/g6_dm2_edm/dE0.066/r0/GeO_Ge120O240_d3p65_En6p35_20260816n212235_final.vasp
g6_dm2_edm,0.02,0.066,0.020184070520480546,-6.375077844348224,1,1.6976645885633899,360,0.2869734737740863,out/g6_dm2_edm/dE0.066/r1/GeO_Ge120O240_d3p65_En6p35_20260816n212235_final.vasp
g6_dm2_edm,0.02,0.068,0.02465202101066577,-6.370609893858039,1,1.6848545545212106,360,0.46821237266063465,out/g6_dm2_edm/dE0.068/r0/GeO_Ge120O240_d3p65_En6p35_20260816n212433_final.vasp
g6_dm2_edm,0.02,0.068,0.021789608065160948,-6.373472306803544,1,1.6955092665467173,360,0.30396187275585484,out/g6_dm2_edm/dE0.068/r1/GeO_Ge120O240_d3p65_En6p35_20260816n212409_final.vasp
g6_dm2_edm,0.02,0.07,0.05921555728546313,-6.336046357583242,1,1.7364901534146937,360,0.616274839603354,out/g6_dm2_edm/dE0.070/r0/GeO_Ge120O240_d3p65_En6p34_20260816n212409_final.vasp
g6_dm2_edm,0.02,0.07,0.015380616289860427,-6.3798812985788445,1,1.6885909578778182,360,0.5321379878778457,out/g6_dm2_edm/dE0.070/r1/GeO_Ge120O240_d3p65_En6p34_20260816n212609_final.vasp
g6_dm2_edm,0.02,0.072,0.027657831100112773,-6.367604083768592,1,1.6791097282474978,360,0.5658690269946035,out/g6_dm2_edm/dE0.072/r0/GeO_Ge120O240_d3p65_En6p34_20260816n212544_final.vasp
g6_dm2_edm,0.02,0.072,0.02962769915291652,-6.365634215715788,1,1.6769115289477177,360,0.5966429307888125,out/g6_dm2_edm/dE0.072/r1/GeO_Ge120O240_d3p65_En6p34_20260816n212543_final.vasp
g6_dm2_edm,0.02,0.074,1.264285234526711,-5.130976680341994,1,1.1674729638724926,360,3.726666833175496,out/g6_dm2_edm/dE0.074/r0/GeO_Ge120O240_d3p65_En6p34_20260816n212745_final.vasp
g6_dm2_edm,0.02,0.074,0.024214946331038156,-6.371046968537667,1,1.6826297351322819,360,0.5431473427922424,out/g6_dm2_edm/dE0.074/r1/GeO_Ge120O240_d3p65_En6p34_20260816n212718_final.vasp
g6_dm2_edm,0.02,0.076,0.03796362697892697,-6.357298287889778,1,1.671925012766121,360,0.6350210012409337,out/g6_dm2_edm/dE0.076/r0/GeO_Ge120O240_d3p65_En6p34_20260816n212718_final.vasp
g6_dm2_edm,0.02,0.076,0.0267339096213135,-6.368528005247391,1,1.6674778868899152,360,0.6407606387910177,out/g6_dm2_edm/dE0.076/r1/GeO_Ge120O240_d3p65_En6p34_20260816n212921_final.vasp
g6_dm2_edm,0.02,0.078,0.027479224263180058,-6.367782690605525,1,1.6722681276321265,360,0.615806076275478,out/g6_dm2_edm/dE0.078/r0/GeO_Ge120O240_d3p65_En6p34_20260816n212853_final.vasp
g6_dm2_edm,0.02,0.078,0.023721677056681045,-6.371540237812024,1,1.6738207316142768,360,0.45612303869179865,out/g6_dm2_edm/dE0.078/r1/GeO_Ge120O240_d3p65_En6p34_20260816n212853_final.vasp
g6_dm2_edm,0.02,0.08,0.029190880378723527,-6.366071034489981,1,1.6959638994845687,360,0.27929161572598893,out/g6_dm2_edm/dE0.080/r0/GeO_Ge120O240_d3p65_En6p33_20260816n213058_final.vasp
g6_dm2_edm,0.02,0.08,0.018739695260225453,-6.376522219608479,1,1.696719357866636,360,0.4170226333101739,out/g6_dm2_edm/dE0.080/r1/GeO_Ge120O240_d3p65_En6p33_20260816n213027_final.vasp
g6_dm2_edm,0.02,0.082,0.030083487275685883,-6.365178427593019,1,1.6759528566955728,360,0.4522198790921824,out/g6_dm2_edm/dE0.082/r0/GeO_Ge120O240_d3p65_En6p33_20260816n213027_final.vasp
g6_dm2_edm,0.02,0.082,0.027680392420276867,-6.367581522448428,1,1.6773584689985208,360,0.45834201320666135,out/g6_dm2_edm/dE0.082/r1/GeO_Ge120O240_d3p65_En6p33_20260816n213234_final.vasp
g6_dm2_edm,0.02,0.084,0.02636168411198181,-6.368900230756723,1,1.6973907085230808,360,0.4166491827851174,out/g6_dm2_edm/dE0.084/r0/GeO_Ge120O240_d3p65_En6p33_20260816n213204_final.vasp
g6_dm2_edm,0.02,0.084,1.261696223876549,-5.133565690992156,1,1.2752055022273625,360,3.2313094380138034,out/g6_dm2_edm/dE0.084/r1/GeO_Ge120O240_d3p65_En6p33_20260816n213204_final.vasp
g6_dm2_edm,0.02,0.086,0.030858873498875283,-6.36440304136983,1,1.6783795802811474,360,0.6355811604064021,out/g6_dm2_edm/dE0.086/r0/GeO_Ge120O240_d3p65_En6p33_20260816n213410_final.vasp
g6_dm2_edm,0.02,0.086,0.02808051312990134,-6.3671814017388035,1,1.678312364742075,360,0.4132915405048233,out/g6_dm2_edm/dE0.086/r1/GeO_Ge120O240_d3p65_En6p33_20260816n213339_final.vasp
g6_dm2_edm,0.02,0.088,0.02069800897350582,-6.374563905895199,1,1.6861750257952965,360,0.5538108348516949,out/g6_dm2_edm/dE0.088/r0/GeO_Ge120O240_d3p65_En6p33_20260816n213339_final.vasp
g6_dm2_edm,0.02,0.088,0.023689063807960764,-6.371572851060744,1,1.6868150200132668,360,0.5023750326484635,out/g6_dm2_edm/dE0.088/r1/GeO_Ge120O240_d3p65_En6p33_20260816n213546_final.vasp
g6_dm2_edm,0.02,0.09,0.036120280128437265,-6.359141634740268,1,1.677624970156402,360,0.568673713766671,out/g6_dm2_edm/dE0.090/r0/GeO_Ge120O240_d3p65_En6p32_20260816n213513_final.vasp
g6_dm2_edm,0.02,0.09,0.04118367296516556,-6.354078241903539,1,1.647783611609733,360,0.6892834933715674,out/g6_dm2_edm/dE0.090/r1/GeO_Ge120O240_d3p65_En6p32_20260816n213514_final.vasp
g6_dm2_edm,0.02,0.092,0.09645281727984933,-6.2988090975888555,1,1.6374325095731612,360,1.4092075958762431,out/g6_dm2_edm/dE0.092/r0/GeO_Ge120O240_d3p65_En6p32_20260816n213722_final.vasp
g6_dm2_edm,0.02,0.092,0.029532831660338488,-6.365729083208366,1,1.5916814624868103,360,0.5974879441958847,out/g6_dm2_edm/dE0.092/r1/GeO_Ge120O240_d3p65_En6p32_20260816n213648_final.vasp
g6_dm2_edm,0.02,0.094,0.023510114160468554,-6.371751800708236,1,1.682008081389677,360,0.46052747680840667,out/g6_dm2_edm/dE0.094/r0/GeO_Ge120O240_d3p65_En6p32_20260816n213648_final.vasp
g6_dm2_edm,0.02,0.094,0.01594661652469931,-6.379315298344006,1,1.7102695853291148,360,0.44270894119156556,out/g6_dm2_edm/dE0.094/r1/GeO_Ge120O240_d3p65_En6p32_20260816n213858_final.vasp
g6_dm2_edm,0.02,0.096,1.3081070688542562,-5.087154846014449,1,1.2602647858538192,360,3.4645200406249392,out/g6_dm2_edm/dE0.096/r0/GeO_Ge120O240_d3p65_En6p32_20260816n213823_final.vasp
g6_dm2_edm,0.02,0.096,0.04335011119060983,-6.351911803678095,1,1.6655698547250153,360,0.788017783865278,out/g6_dm2_edm/dE0.096/r1/GeO_Ge120O240_d3p65_En6p32_20260816n213823_final.vasp
g6_dm2_edm,0.02,0.098,0.020967800440456763,-6.374294114428248,1,1.6974122556168934,360,0.5046093738653326,out/g6_dm2_edm/dE0.098/r0/GeO_Ge120O240_d3p65_En6p32_20260816n214034_final.vasp
g6_dm2_edm,0.02,0.098,0.033501596246302334,-6.3617603186224025,1,1.6722985357726243,360,0.6071372836670903,out/g6_dm2_edm/dE0.098/r1/GeO_Ge120O240_d3p65_En6p32_20260816n213957_final.vasp
g6_dm2_edm,0.02,0.1,0.03597665870311051,-6.359285256165594,1,1.6757015724618753,360,0.6297785669807016,out/g6_dm2_edm/dE0.100/r0/GeO_Ge120O240_d3p65_En6p31_20260816n213958_final.vasp
g6_dm2_edm,0.02,0.1,0.024546586799727876,-6.370715328068977,1,1.6864642452366834,360,0.38495685516406314,out/g6_dm2_edm/dE0.100/r1/GeO_Ge120O240_d3p65_En6p31_20260816n214213_final.vasp
g6_edm,0.02,0.0,0.01428000600495416,-6.380981908863751,1,1.7184441844136853,360,0.2199165117904153,out/g6_edm/dE0.000/r0/GeO_Ge120O240_d3p65_En6p41_20260816n195907_final.vasp
g6_edm,0.02,0.0,0.014266663398943003,-6.380995251469762,1,1.656104135092883,360,0.23076922128004168,out/g6_edm/dE0.000/r1/GeO_Ge120O240_d3p65_En6p41_20260816n195907_final.vasp
g6_edm,0.02,0.0,0.020249519328885413,-6.3750123955398195,1,1.6962302797610151,360,0.25695522378354063,out/g6_edm/dE0.000/r2/GeO_Ge120O240_d3p65_En6p41_20260817n234338_final.vasp
g6_edm,0.02,0.0,0.003835540388865688,-6.391426374479839,1,1.6922771187179217,360,0.2152547573885773,out/g6_edm/dE0.000/r3/GeO_Ge120O240_d3p65_En6p41_20260817n234338_final.vasp
g6_edm,0.02,0.002,0.0045191397766481956,-6.390742775092057,1,1.7016659392456774,360,0.22906219334878167,out/g6_edm/dE0.002/r0/GeO_Ge120O240_d3p65_En6p41_20260816n195950_final.vasp
g6_edm,0.02,0.002,0.0174313484248092,-6.377830566443896,1,1.6582532474428766,360,0.2623546234820725,out/g6_edm/dE0.002/r1/GeO_Ge120O240_d3p65_En6p41_20260816n200032_final.vasp
g6_edm,0.02,0.002,0.021027889690950374,-6.3742340251777545,1,1.709677395323537,360,0.2379233210311416,out/g6_edm/dE0.002/r2/GeO_Ge120O240_d3p65_En6p41_20260817n234338_final.vasp
g6_edm,0.02,0.002,0.01708187841584774,-6.378180036452857,1,1.7146105699758196,360,0.2508972527527024,out/g6_edm/dE0.002/r3/GeO_Ge120O240_d3p65_En6p41_20260817n234341_final.vasp
g6_edm,0.02,0.004,0.010114279885383937,-6.385147634983321,1,1.711834393717546,360,0.21037563357488925,out/g6_edm/dE0.004/r0/GeO_Ge120O240_d3p65_En6p41_20260816n200033_final.vasp
g6_edm,0.02,0.004,0.02027027224027922,-6.374991642628426,1,1.6949406671567422,360,0.2970315762500553,out/g6_edm/dE0.004/r1/GeO_Ge120O240_d3p65_En6p41_20260816n200120_final.vasp
g6_edm,0.02,0.004,0.00972316364403536,-6.3855387512246695,1,1.722491170235293,360,0.2442312594635816,out/g6_edm/dE0.004/r2/GeO_Ge120O240_d3p65_En6p41_20260817n234341_final.vasp
g6_edm,0.02,0.004,0.009088192424582253,-6.386173722444123,1,1.722236427903414,360,0.21483958395453756,out/g6_edm/dE0.004/r3/GeO_Ge120O240_d3p65_En6p41_20260817n234341_final.vasp
g6_edm,0.02,0.006,0.017017744876398844,-6.378244169992306,1,1.693929329870729,360,0.24680426225967134,out/g6_edm/dE0.006/r0/GeO_Ge120O240_d3p65_En6p41_20260816n200157_final.vasp
g6_edm,0.02,0.006,0.00760492540493285,-6.387656989463772,1,1.6577106911921895,360,0.24701742764557696,out/g6_edm/dE0.006/r1/GeO_Ge120O240_d3p65_En6p41_20260816n200159_final.vasp
g6_edm,0.02,0.006,0.01075011326541997,-6.384511801603285,1,1.7292604056546725,360,0.20452525167612529,out/g6_edm/dE0.006/r2/GeO_Ge120O240_d3p65_En6p41_20260817n234346_final.vasp
g6_edm,0.02,0.006,0.005637871198612032,-6.389624043670093,1,1.7195511178438052,360,0.20431984137612946,out/g6_edm/dE0.006/r3/GeO_Ge120O240_d3p65_En6p41_20260817n234346_final.vasp
g6_edm,0.02,0.008,0.0077613771309161805,-6.387500537737789,1,1.7010610820381817,360,0.2335568179903927,out/g6_edm/dE0.008/r0/GeO_Ge120O240_d3p65_En6p41_20260816n200247_final.vasp
g6_edm,0.02,0.008,0.014358350115062812,-6.380903564753642,1,1.6682554140948207,360,0.25071648852706624,out/g6_edm/dE0.008/r1/GeO_Ge120O240_d3p65_En6p41_20260816n200323_final.vasp
g6_edm,0.02,0.008,0.013667328328253348,-6.3815945865404515,1,1.7113162188118571,360,0.22433280096888875,out/g6_edm/dE0.008/r2/GeO_Ge120O240_d3p65_En6p41_20260817n234346_final.vasp
g6_edm,0.02,0.008,0.018643444203036985,-6.376618470665668,1,1.703545515081254,360,0.22840641361832756,out/g6_edm/dE0.008/r3/GeO_Ge120O240_d3p65_En6p41_20260817n234511_final.vasp
g6_edm,0.02,0.01,0.010081494568152216,-6.385180420300553,1,1.7176593993137483,360,0.23543678345858055,out/g6_edm/dE0.010/r0/GeO_Ge120O240_d3p65_En6p40_20260816n200324_final.vasp
g6_edm,0.02,0.01,0.024484842802020346,-6.3707770720666845,1,1.7061377871715702,360,0.26549810766566967,out/g6_edm/dE0.010/r1/GeO_Ge120O240_d3p65_En6p40_20260816n200413_final.vasp
g6_edm,0.02,0.01,0.003375602524889665,-6.391886312343815,1,1.6948790599877572,360,0.21751179779854593,out/g6_edm/dE0.010/r2/GeO_Ge120O240_d3p65_En6p40_20260817n234511_final.vasp
g6_edm,0.02,0.01,0.015159408755431869,-6.380102506113273,1,1.7018589205998609,360,0.2622362984145831,out/g6_edm/dE0.010/r3/GeO_Ge120O240_d3p65_En6p40_20260817n234511_final.vasp
g6_edm,0.02,0.012,0.023402240374225336,-6.3718596744944795,1,1.706205002386232,360,0.22942034061472774,out/g6_edm/dE0.012/r0/GeO_Ge120O240_d3p65_En6p40_20260816n200448_final.vasp
g6_edm,0.02,0.012,0.02309146059795797,-6.372170454270747,1,1.6911215088368865,360,0.23756671220003578,out/g6_edm/dE0.012/r1/GeO_Ge120O240_d3p65_En6p40_20260816n200450_final.vasp
g6_edm,0.02,0.012,0.008954153666023146,-6.386307761202682,1,1.7065402966111003,360,0.2270761545050998,out/g6_edm/dE0.012/r2/GeO_Ge120O240_d3p65_En6p40_20260817n234514_final.vasp
g6_edm,0.02,0.012,0.017568637167097556,-6.377693277701607,1,1.7003141569945455,360,0.25526775871267454,out/g6_edm/dE0.012/r3/GeO_Ge120O240_d3p65_En6p40_20260817n234514_final.vasp
g6_edm,0.02,0.014,0.010963360543689404,-6.3842985543250155,1,1.695695644038786,360,0.21926761573744302,out/g6_edm/dE0.014/r0/GeO_Ge120O240_d3p65_En6p40_20260816n200540_final.vasp
g6_edm,0.02,0.014,0.018286545176181335,-6.3769753696925235,1,1.7124392384699312,360,0.2426551312511135,out/g6_edm/dE0.014/r1/GeO_Ge120O240_d3p65_En6p40_20260816n200614_final.vasp
g6_edm,0.02,0.014,0.014592626426955135,-6.38066928844175,1,1.711341768120512,360,0.2355020088141875,out/g6_edm/dE0.014/r2/GeO_Ge120O240_d3p65_En6p40_20260817n234514_final.vasp
g6_edm,0.02,0.014,0.011635874696582782,-6.383626040172122,1,1.7081695993530597,360,0.2026570589009991,out/g6_edm/dE0.014/r3/GeO_Ge120O240_d3p65_En6p40_20260817n234520_final.vasp
g6_edm,0.02,0.016,0.01977166927756535,-6.3754902455911395,1,1.7045660539348675,360,0.2969711306520555,out/g6_edm/dE0.016/r0/GeO_Ge120O240_d3p65_En6p40_20260816n200616_final.vasp
g6_edm,0.02,0.016,0.012007586404524595,-6.38325432846418,1,1.7169374958906702,360,0.23178286457626,out/g6_edm/dE0.016/r1/GeO_Ge120O240_d3p65_En6p40_20260816n200707_final.vasp
g6_edm,0.02,0.016,0.015883502549487893,-6.379378412319217,1,1.7201601886476137,360,0.24177274522778108,out/g6_edm/dE0.016/r2/GeO_Ge120O240_d3p65_En6p40_20260817n234520_final.vasp
g6_edm,0.02,0.016,0.021658048485892145,-6.373603866382813,1,1.6887266996267019,360,0.2398636482526655,out/g6_edm/dE0.016/r3/GeO_Ge120O240_d3p65_En6p40_20260817n234520_final.vasp
g6_edm,0.02,0.018,0.01495872462379566,-6.380303190244909,1,1.7035720776110885,360,0.2498039474425213,out/g6_edm/dE0.018/r0/GeO_Ge120O240_d3p65_En6p40_20260816n200739_final.vasp
g6_edm,0.02,0.018,0.008266389242487016,-6.386995525626218,1,1.7073875919943797,360,0.20360920664625423,out/g6_edm/dE0.018/r1/GeO_Ge120O240_d3p65_En6p40_20260816n200741_final.vasp
g6_edm,0.02,0.018,0.011468953401879034,-6.383792961466826,1,1.7020943400534727,360,0.24347955601514307,out/g6_edm/dE0.018/r2/GeO_Ge120O240_d3p65_En6p40_20260817n234642_final.vasp
g6_edm,0.02,0.018,0.011676079648515802,-6.383585835220189,1,1.6934136049249204,360,0.21798111124623748,out/g6_edm/dE0.018/r3/GeO_Ge120O240_d3p65_En6p40_20260817n234642_final.vasp
g6_edm,0.02,0.02,0.01065308431969303,-6.384608830549012,1,1.6966968904262014,360,0.23210754103035602,out/g6_edm/dE0.020/r0/GeO_Ge120O240_d3p65_En6p39_20260816n200835_final.vasp
g6_edm,0.02,0.02,0.0011394985765189602,-6.394122416292186,1,1.7027084641069448,360,0.21908719633665366,out/g6_edm/dE0.020/r1/GeO_Ge120O240_d3p65_En6p39_20260816n200904_final.vasp
g6_edm,0.02,0.02,0.013026309821229098,-6.382235605047476,1,1.7089689406619402,360,0.2586061868452927,out/g6_edm/dE0.020/r2/GeO_Ge120O240_d3p65_En6p39_20260817n234642_final.vasp
g6_edm,0.02,0.02,0.016369233446566156,-6.378892681422139,1,1.6990574582521163,360,0.24567514193699455,out/g6_edm/dE0.020/r3/GeO_Ge120O240_d3p65_En6p39_20260817n234646_final.vasp
g6_edm,0.02,0.022,0.009408289723931595,-6.385853625144773,1,1.7074497499894594,360,0.22420412066388448,out/g6_edm/dE0.022/r0/GeO_Ge120O240_d3p65_En6p39_20260816n200907_final.vasp
g6_edm,0.02,0.022,0.024792185674582967,-6.370469729194122,1,1.686874441859315,360,0.241303056417702,out/g6_edm/dE0.022/r1/GeO_Ge120O240_d3p65_En6p39_20260816n201001_final.vasp
g6_edm,0.02,0.022,0.02045175885568007,-6.374810156013025,1,1.7001492949122152,360,0.22130684061339945,out/g6_edm/dE0.022/r2/GeO_Ge120O240_d3p65_En6p39_20260817n234645_final.vasp
g6_edm,0.02,0.022,0.022533993450910117,-6.372727921417795,1,1.712273277534638,360,0.2514295429817428,out/g6_edm/dE0.022/r3/GeO_Ge120O240_d3p65_En6p39_20260817n234646_final.vasp
g6_edm,0.02,0.024,0.015164245192924142,-6.380097669675781,1,1.6824553102317084,360,0.31055646846249624,out/g6_edm/dE0.024/r0/GeO_Ge120O240_d3p65_En6p39_20260816n201030_final.vasp
g6_edm,0.02,0.024,0.025227576942876695,-6.370034337925828,1,1.6839556042150556,360,0.5733592296425332,out/g6_edm/dE0.024/r1/GeO_Ge120O240_d3p65_En6p39_20260816n201032_final.vasp
g6_edm,0.02,0.024,0.015680404688508176,-6.379581510180197,1,1.7104487142110578,360,0.26550945288567196,out/g6_edm/dE0.024/r2/GeO_Ge120O240_d3p65_En6p39_20260817n234651_final.vasp
g6_edm,0.02,0.024,0.0194260132133266,-6.375835901655378,1,1.7022314179743256,360,0.2555508306424291,out/g6_edm/dE0.024/r3/GeO_Ge120O240_d3p65_En6p39_20260817n234651_final.vasp
g6_edm,0.02,0.026,0.036090293378094884,-6.35917162149061,1,1.6709486786357461,360,0.7072537842096944,out/g6_edm/dE0.026/r0/GeO_Ge120O240_d3p65_En6p39_20260816n201131_final.vasp
g6_edm,0.02,0.026,0.012560664196392679,-6.382701250672312,1,1.6743524529982834,360,0.2664737031134626,out/g6_edm/dE0.026/r1/GeO_Ge120O240_d3p65_En6p39_20260816n201155_final.vasp
g6_edm,0.02,0.026,0.030860399068982858,-6.364401515799722,1,1.6789942322950644,360,0.5847943044527578,out/g6_edm/dE0.026/r2/GeO_Ge120O240_d3p65_En6p39_20260817n234653_final.vasp
g6_edm,0.02,0.026,0.009178056974828763,-6.386083857893876,1,1.6889432969131095,360,0.2537618972587391,out/g6_edm/dE0.026/r3/GeO_Ge120O240_d3p65_En6p39_20260817n234811_final.vasp
g6_edm,0.02,0.028,0.008367172868439354,-6.3868947420002655,1,1.694770471277414,360,0.23957825384782117,out/g6_edm/dE0.028/r0/GeO_Ge120O240_d3p65_En6p39_20260816n201158_final.vasp
g6_edm,0.02,0.028,0.029348384324853427,-6.3659135305438515,1,1.6611221434837853,360,0.5621833884886536,out/g6_edm/dE0.028/r1/GeO_Ge120O240_d3p65_En6p39_20260816n201258_final.vasp
g6_edm,0.02,0.028,0.03906673998169463,-6.35619517488701,1,1.6778875232055366,360,0.7399040250918069,out/g6_edm/dE0.028/r2/GeO_Ge120O240_d3p65_En6p39_20260817n234812_final.vasp
g6_edm,0.02,0.028,0.01269146204947802,-6.382570452819227,1,1.6992748568929072,360,0.229663635320233,out/g6_edm/dE0.028/r3/GeO_Ge120O240_d3p65_En6p39_20260817n234813_final.vasp
g6_edm,0.02,0.03,0.02392789757398095,-6.371334017294724,1,1.6871750276068112,360,0.42337449558679047,out/g6_edm/dE0.030/r0/GeO_Ge120O240_d3p65_En6p38_20260816n201320_final.vasp
g6_edm,0.02,0.03,0.021313350073303816,-6.373948564795401,1,1.6924494509623562,360,0.21081980239485926,out/g6_edm/dE0.030/r1/GeO_Ge120O240_d3p65_En6p38_20260816n201324_final.vasp
g6_edm,0.02,0.03,0.03448798744635173,-6.360773927422353,1,1.6620791905547785,360,0.8175146827594346,out/g6_edm/dE0.030/r2/GeO_Ge120O240_d3p65_En6p38_20260817n234818_final.vasp
g6_edm,0.02,0.03,0.025811967510863454,-6.369449947357841,1,1.6874281150804393,360,0.4311212587954815,out/g6_edm/dE0.030/r3/GeO_Ge120O240_d3p65_En6p38_20260817n234818_final.vasp
g6_edm,0.02,0.032,0.01493347892333663,-6.380328435945368,1,1.7098999325951645,360,0.2820942826998496,out/g6_edm/dE0.032/r0/GeO_Ge120O240_d3p65_En6p38_20260816n201424_final.vasp
g6_edm,0.02,0.032,0.04650095777067076,-6.348760957098034,1,1.6297749172250307,360,0.8255148500234726,out/g6_edm/dE0.032/r1/GeO_Ge120O240_d3p65_En6p38_20260816n201445_final.vasp
g6_edm,0.02,0.032,0.04011911117430689,-6.355142803694398,1,1.6229779985506232,360,0.5507691114761188,out/g6_edm/dE0.032/r2/GeO_Ge120O240_d3p65_En6p38_20260817n234818_final.vasp
g6_edm,0.02,0.032,0.035956088202448555,-6.359305826666256,1,1.6756518179649722,360,0.6393463871349365,out/g6_edm/dE0.032/r3/GeO_Ge120O240_d3p65_En6p38_20260817n234822_final.vasp
g6_edm,0.02,0.034,0.018468545259061386,-6.3767933696096435,1,1.689355764091181,360,0.20342938727039625,out/g6_edm/dE0.034/r0/GeO_Ge120O240_d3p65_En6p38_20260816n201449_final.vasp
g6_edm,0.02,0.034,0.03097389951307772,-6.364288015355627,1,1.6707161629620597,360,0.7493779528939744,out/g6_edm/dE0.034/r1/GeO_Ge120O240_d3p65_En6p38_20260816n201551_final.vasp
g6_edm,0.02,0.034,0.04166666990373091,-6.353595244964974,1,1.6734801157398604,360,0.7945277251056172,out/g6_edm/dE0.034/r2/GeO_Ge120O240_d3p65_En6p38_20260817n234822_final.vasp
g6_edm,0.02,0.034,0.04218716723244498,-6.35307474763626,1,1.6746678060534221,360,0.6615406112017405,out/g6_edm/dE0.034/r3/GeO_Ge120O240_d3p65_En6p38_20260817n234826_final.vasp
g6_edm,0.02,0.036,0.04889855667982257,-6.346363358188882,1,1.6621938146767932,360,0.7958685411914105,out/g6_edm/dE0.036/r0/GeO_Ge120O240_d3p65_En6p38_20260816n201611_final.vasp
g6_edm,0.02,0.036,0.04674443480733892,-6.348517480061366,1,1.6681055819145898,360,0.7990103491438741,out/g6_edm/dE0.036/r1/GeO_Ge120O240_d3p65_En6p38_20260816n201615_final.vasp
g6_edm,0.02,0.036,0.038518325812300525,-6.356743589056404,1,1.6631871056153744,360,0.7726127617375916,out/g6_edm/dE0.036/r2/GeO_Ge120O240_d3p65_En6p38_20260817n234941_final.vasp
g6_edm,0.02,0.036,0.04435490822447363,-6.350907006644231,1,1.6688421000348126,360,0.7899762006383029,out/g6_edm/dE0.036/r3/GeO_Ge120O240_d3p65_En6p38_20260817n234942_final.vasp
g6_edm,0.02,0.038,0.04861022988384178,-6.346651684984863,1,1.6697909352525373,360,0.9664383702182364,out/g6_edm/dE0.038/r0/GeO_Ge120O240_d3p65_En6p38_20260816n201718_final.vasp
g6_edm,0.02,0.038,0.057408811858267406,-6.3378531030104375,1,1.6638944653507195,360,0.847124321819656,out/g6_edm/dE0.038/r1/GeO_Ge120O240_d3p65_En6p38_20260816n201736_final.vasp
g6_edm,0.02,0.038,0.054856571886618966,-6.340405342982086,1,1.6454887973615693,360,1.018717668690361,out/g6_edm/dE0.038/r2/GeO_Ge120O240_d3p65_En6p38_20260817n234944_final.vasp
g6_edm,0.02,0.038,0.060254653167003625,-6.335007261701701,1,1.598498315877391,360,0.9642903895217084,out/g6_edm/dE0.038/r3/GeO_Ge120O240_d3p65_En6p38_20260817n234950_final.vasp
g6_edm,0.02,0.04,0.04628376861899142,-6.3489781462497135,1,1.6544140770532068,360,0.8415927598435136,out/g6_edm/dE0.040/r0/GeO_Ge120O240_d3p65_En6p37_20260816n201741_final.vasp
g6_edm,0.02,0.04,0.05844217559467868,-6.336819739274026,1,1.6550254458903466,360,1.0168494527463936,out/g6_edm/dE0.040/r1/GeO_Ge120O240_d3p65_En6p37_20260816n201846_final.vasp
g6_edm,0.02,0.04,0.04960725763151608,-6.345654657237189,1,1.6419217680331284,360,0.9280560577291811,out/g6_edm/dE0.040/r2/GeO_Ge120O240_d3p65_En6p37_20260817n234948_final.vasp
g6_edm,0.02,0.04,0.04843968721971059,-6.346822227648994,1,1.661523648656687,360,0.92168267244209,out/g6_edm/dE0.040/r3/GeO_Ge120O240_d3p65_En6p37_20260817n234949_final.vasp
g6_edm,0.02,0.042,0.04908737813852859,-6.346174536730176,1,1.6669448725051303,360,0.9163473151075767,out/g6_edm/dE0.042/r0/GeO_Ge120O240_d3p65_En6p37_20260816n201901_final.vasp
g6_edm,0.02,0.042,0.059309988907250144,-6.335951925961455,1,1.660636856234023,360,1.1211345146385074,out/g6_edm/dE0.042/r1/GeO_Ge120O240_d3p65_En6p37_20260816n201906_final.vasp
g6_edm,0.02,0.042,0.054881120978690134,-6.340380793890015,1,1.6627662183061533,360,0.8468685336027078,out/g6_edm/dE0.042/r2/GeO_Ge120O240_d3p65_En6p37_20260817n234954_final.vasp
g6_edm,0.02,0.042,0.03839432187058822,-6.356867592998117,1,1.6554222063291744,360,0.8424190969510521,out/g6_edm/dE0.042/r3/GeO_Ge120O240_d3p65_En6p37_20260817n234955_final.vasp
g6_edm,0.02,0.044,0.06936598014918527,-6.32589593471952,1,1.6423400903999188,360,0.9843002875554935,out/g6_edm/dE0.044/r0/GeO_Ge120O240_d3p65_En6p37_20260816n202013_final.vasp
g6_edm,0.02,0.044,0.057071814253225384,-6.3381901006154795,1,1.66942864355942,360,1.003115644092612,out/g6_edm/dE0.044/r1/GeO_Ge120O240_d3p65_En6p37_20260816n202027_final.vasp
g6_edm,0.02,0.044,0.05425289601254235,-6.3410090188561625,1,1.6563597168366857,360,0.9348346856258035,out/g6_edm/dE0.044/r2/GeO_Ge120O240_d3p65_En6p37_20260817n234959_final.vasp
g6_edm,0.02,0.044,0.052350417020758044,-6.342911497847947,1,1.6632718681915708,360,0.8715254188667948,out/g6_edm/dE0.044/r3/GeO_Ge120O240_d3p65_En6p37_20260817n235111_final.vasp
g6_edm,0.02,0.046,0.060699370054559054,-6.334562544814146,1,1.6495073457886251,360,0.9915998567934269,out/g6_edm/dE0.046/r0/GeO_Ge120O240_d3p65_En6p37_20260816n202034_final.vasp
g6_edm,0.02,0.046,0.06083825307156765,-6.334423661797137,1,1.6596577610484282,360,1.0152812669608002,out/g6_edm/dE0.046/r1/GeO_Ge120O240_d3p65_En6p37_20260816n202143_final.vasp
g6_edm,0.02,0.046,0.05221070072099376,-6.343051214147711,1,1.6538721297030528,360,0.9384824401205129,out/g6_edm/dE0.046/r2/GeO_Ge120O240_d3p65_En6p37_20260817n235112_final.vasp
g6_edm,0.02,0.046,0.059636571551656026,-6.335625343317049,1,1.6490658331572474,360,1.005074722140651,out/g6_edm/dE0.046/r3/GeO_Ge120O240_d3p65_En6p37_20260817n235115_final.vasp
g6_edm,0.02,0.048,0.0524097497321776,-6.342852165136527,1,1.6611573594373428,360,0.9230392104575306,out/g6_edm/dE0.048/r0/GeO_Ge120O240_d3p65_En6p37_20260816n202152_final.vasp
g6_edm,0.02,0.048,0.056780047272206424,-6.3384818675964985,1,1.6519528247688589,360,1.0101294715944007,out/g6_edm/dE0.048/r1/GeO_Ge120O240_d3p65_En6p37_20260816n202200_final.vasp
g6_edm,0.02,0.048,0.06379956756670602,-6.331462347301999,1,1.6391938315241141,360,1.1044077946740547,out/g6_edm/dE0.048/r2/GeO_Ge120O240_d3p65_En6p37_20260817n235120_final.vasp
g6_edm,0.02,0.048,0.05625368177268175,-6.339008233096023,1,1.5932057821190522,360,0.9790761651141594,out/g6_edm/dE0.048/r3/GeO_Ge120O240_d3p65_En6p37_20260817n235119_final.vasp
g6_edm,0.02,0.05,0.06497649844245412,-6.330285416426251,1,1.6492892212064565,360,1.0617637731055882,out/g6_edm/dE0.050/r0/GeO_Ge120O240_d3p65_En6p36_20260816n202309_final.vasp
g6_edm,0.02,0.05,0.055571261515591,-6.339690653353114,1,1.6702807600017973,360,0.9061727679712615,out/g6_edm/dE0.050/r1/GeO_Ge120O240_d3p65_En6p36_20260816n202317_final.vasp
g6_edm,0.02,0.05,0.058079879711996796,-6.337182035156708,1,1.6607713102895802,360,0.9684147007526164,out/g6_edm/dE0.050/r2/GeO_Ge120O240_d3p65_En6p36_20260817n235121_final.vasp
g6_edm,0.02,0.05,0.05146335182879991,-6.343798563039905,1,1.662785987556463,360,0.9442405717384732,out/g6_edm/dE0.050/r3/GeO_Ge120O240_d3p65_En6p36_20260817n235125_final.vasp
g6_edm,0.02,0.052,0.06026332238545162,-6.334998592483253,1,1.6618724016755813,360,1.077909659319745,out/g6_edm/dE0.052/r0/GeO_Ge120O240_d3p65_En6p36_20260816n202325_final.vasp
g6_edm,0.02,0.052,0.05904584516616218,-6.336216069702543,1,1.6554469224351358,360,1.0330226147985937,out/g6_edm/dE0.052/r1/GeO_Ge120O240_d3p65_En6p36_20260816n202436_final.vasp
g6_edm,0.02,0.052,0.05842226460546929,-6.336839650263236,1,1.6592181892390245,360,1.0373480221219251,out/g6_edm/dE0.052/r2/GeO_Ge120O240_d3p65_En6p36_20260817n235126_final.vasp
g6_edm,0.02,0.052,0.06472326584773391,-6.330538649020971,1,1.6474853336446895,360,1.088347951978197,out/g6_edm/dE0.052/r3/GeO_Ge120O240_d3p65_En6p36_20260817n235132_final.vasp
g6_edm,0.02,0.054,0.061162107119463904,-6.334099807749241,1,1.6635203501457432,360,1.0443531005250086,out/g6_edm/dE0.054/r0/GeO_Ge120O240_d3p65_En6p36_20260816n202442_final.vasp
g6_edm,0.02,0.054,0.0712900714586544,-6.3239718434100505,1,1.646344453528078,360,1.1588669739101405,out/g6_edm/dE0.054/r1/GeO_Ge120O240_d3p65_En6p36_20260816n202451_final.vasp
g6_edm,0.02,0.054,0.06232369308400898,-6.332938221784696,1,1.6614177721353427,360,0.9519728720519633,out/g6_edm/dE0.054/r2/GeO_Ge120O240_d3p65_En6p36_20260817n235241_final.vasp
g6_edm,0.02,0.054,0.053780906540133344,-6.3414810083285715,1,1.6668482000607276,360,0.9602930411748061,out/g6_edm/dE0.054/r3/GeO_Ge120O240_d3p65_En6p36_20260817n235242_final.vasp
g6_edm,0.02,0.056,0.06103765382396542,-6.3342242610447395,1,1.6588201979740147,360,0.9931980444591647,out/g6_edm/dE0.056/r0/GeO_Ge120O240_d3p65_En6p36_20260816n202603_final.vasp
g6_edm,0.02,0.056,0.06829687495348935,-6.3269650399152155,1,1.6538219790983262,360,1.1509698804826836,out/g6_edm/dE0.056/r1/GeO_Ge120O240_d3p65_En6p36_20260816n202608_final.vasp
g6_edm,0.02,0.056,0.07648909740952092,-6.318772817459184,1,1.6546255113070942,360,1.2364308078626793,out/g6_edm/dE0.056/r2/GeO_Ge120O240_d3p65_En6p36_20260817n235246_final.vasp
g6_edm,0.02,0.056,0.07610788177429306,-6.319154033094412,1,1.6570295146816254,360,1.062308155269882,out/g6_edm/dE0.056/r3/GeO_Ge120O240_d3p65_En6p36_20260817n235251_final.vasp
g6_edm,0.02,0.058,0.07132183689342497,-6.32394007797528,1,1.6491491295033731,360,1.1694798591237006,out/g6_edm/dE0.058/r0/GeO_Ge120O240_d3p65_En6p36_20260816n202617_final.vasp
g6_edm,0.02,0.058,0.07398784043792084,-6.321274074430784,1,1.635454246605923,360,1.1345992508542364,out/g6_edm/dE0.058/r1/GeO_Ge120O240_d3p65_En6p36_20260816n202730_final.vasp
g6_edm,0.02,0.058,0.06594503953168651,-6.329316875337018,1,1.6481669953586446,360,1.1390843337464294,out/g6_edm/dE0.058/r2/GeO_Ge120O240_d3p65_En6p36_20260817n235249_final.vasp
g6_edm,0.02,0.058,0.07108099526358114,-6.324180919605124,1,1.6545034361812483,360,1.059527955723078,out/g6_edm/dE0.058/r3/GeO_Ge120O240_d3p65_En6p36_20260817n235252_final.vasp
g6_edm,0.02,0.06,0.06232187685811574,-6.332940038010589,1,1.6620792525402517,360,1.061305530973101,out/g6_edm/dE0.060/r0/GeO_Ge120O240_d3p65_En6p35_20260816n202733_final.vasp
g6_edm,0.02,0.06,0.07603174649845457,-6.31923016837025,1,1.6161123310528596,360,1.113859676804103,out/g6_edm/dE0.060/r1/GeO_Ge120O240_d3p65_En6p35_20260816n202743_final.vasp
g6_edm,0.02,0.06,0.06408364011764167,-6.331178274751063,1,1.6065894616870409,360,1.0405930019691447,out/g6_edm/dE0.060/r2/GeO_Ge120O240_d3p65_En6p35_20260817n235257_final.vasp
g6_edm,0.02,0.06,0.0658889381704153,-6.32937297669829,1,1.6495183899938735,360,1.0834036020765458,out/g6_edm/dE0.060/r3/GeO_Ge120O240_d3p65_En6p35_20260817n235258_final.vasp
g6_edm,0.02,0.062,0.0526426286334285,-6.342619286235276,1,1.6640173160725198,360,0.9359284173304887,out/g6_edm/dE0.062/r0/GeO_Ge120O240_d3p65_En6p35_20260816n202857_final.vasp
g6_edm,0.02,0.062,0.0724267736603732,-6.322835141208332,1,1.6415119107680627,360,1.184556475846436,out/g6_edm/dE0.062/r1/GeO_Ge120O240_d3p65_En6p35_20260816n202859_final.vasp
g6_edm,0.02,0.062,0.07227585260192182,-6.322986062266783,1,1.5565363260994114,360,1.107319508429866,out/g6_edm/dE0.062/r2/GeO_Ge120O240_d3p65_En6p35_20260817n235305_final.vasp
g6_edm,0.02,0.062,0.07122004466986986,-6.324041870198835,1,1.6565230534982265,360,1.1128195483100305,out/g6_edm/dE0.062/r3/GeO_Ge120O240_d3p65_En6p35_20260817n235414_final.vasp
g6_edm,0.02,0.064,0.06943778250466348,-6.325824132364041,1,1.6035403243434596,360,1.1330841869491517,out/g6_edm/dE0.064/r0/GeO_Ge120O240_d3p65_En6p35_20260816n202908_final.vasp
g6_edm,0.02,0.064,0.060483301179329096,-6.334778613689376,1,1.5964712331503905,360,0.9880322246243759,out/g6_edm/dE0.064/r1/GeO_Ge120O240_d3p65_En6p35_20260816n203024_final.vasp
g6_edm,0.02,0.064,0.06715518429311462,-6.32810673057559,1,1.649128836988582,360,1.045876200296916,out/g6_edm/dE0.064/r2/GeO_Ge120O240_d3p65_En6p35_20260817n235414_final.vasp
g6_edm,0.02,0.064,0.057055464595135774,-6.338206450273569,1,1.6517822223694854,360,0.9186517750575792,out/g6_edm/dE0.064/r3/GeO_Ge120O240_d3p65_En6p35_20260817n235418_final.vasp
g6_edm,0.02,0.066,0.05533667884440696,-6.339925236024298,1,1.6515862283326757,360,0.8253091555424297,out/g6_edm/dE0.066/r0/GeO_Ge120O240_d3p65_En6p35_20260816n203025_final.vasp
g6_edm,0.02,0.066,0.0611431465360841,-6.334118768332621,1,1.6590467019743398,360,1.1066701433831578,out/g6_edm/dE0.066/r1/GeO_Ge120O240_d3p65_En6p35_20260816n203036_final.vasp
g6_edm,0.02,0.066,0.0696750636152661,-6.325586851253439,1,1.6536074863501253,360,1.0555650203179925,out/g6_edm/dE0.066/r2/GeO_Ge120O240_d3p65_En6p35_20260817n235421_final.vasp
g6_edm,0.02,0.066,0.07769118552856646,-6.317570729340138,1,1.5867392281099622,360,1.1451472539758965,out/g6_edm/dE0.066/r3/GeO_Ge120O240_d3p65_En6p35_20260817n235421_final.vasp
g6_edm,0.02,0.068,0.07469171223893678,-6.320570202629768,1,1.642445959077559,360,1.2052892167334908,out/g6_edm/dE0.068/r0/GeO_Ge120O240_d3p65_En6p35_20260816n203153_final.vasp
g6_edm,0.02,0.068,0.07410954033504336,-6.3211523745336615,1,1.6358376878292484,360,1.2911996077884018,out/g6_edm/dE0.068/r1/GeO_Ge120O240_d3p65_En6p35_20260816n203153_final.vasp
g6_edm,0.02,0.068,0.0747982598402519,-6.320463655028453,1,1.6429459778744482,360,1.1860909112554157,out/g6_edm/dE0.068/r2/GeO_Ge120O240_d3p65_En6p35_20260817n235422_final.vasp
g6_edm,0.02,0.068,0.0676100782414224,-6.3276518366272825,1,1.6272132115250775,360,1.0934950270187984,out/g6_edm/dE0.068/r3/GeO_Ge120O240_d3p65_En6p35_20260817n235427_final.vasp
g6_edm,0.02,0.07,0.06789273256042971,-6.327369182308275,1,1.6567144112357584,360,1.1510913899775064,out/g6_edm/dE0.070/r0/GeO_Ge120O240_d3p65_En6p34_20260816n203202_final.vasp
g6_edm,0.02,0.07,0.07039486253905292,-6.324867052329652,1,1.639285251305567,360,1.0738734516981034,out/g6_edm/dE0.070/r1/GeO_Ge120O240_d3p65_En6p34_20260816n203321_final.vasp
g6_edm,0.02,0.07,0.07961591816560531,-6.3156459967031,1,1.6382425086168053,360,1.1811573312049826,out/g6_edm/dE0.070/r2/GeO_Ge120O240_d3p65_En6p34_20260817n235429_final.vasp
g6_edm,0.02,0.07,0.08114267792697216,-6.314119236941733,1,1.6516216905978733,360,1.2149523129610749,out/g6_edm/dE0.070/r3/GeO_Ge120O240_d3p65_En6p34_20260817n235437_final.vasp
g6_edm,0.02,0.072,0.07406043981818211,-6.321201475050523,1,1.6463146227729197,360,1.1514182095344616,out/g6_edm/dE0.072/r0/GeO_Ge120O240_d3p65_En6p34_20260816n203319_final.vasp
g6_edm,0.02,0.072,0.07510252942372286,-6.320159385444982,1,1.6519082784410053,360,1.1085351365834335,out/g6_edm/dE0.072/r1/GeO_Ge120O240_d3p65_En6p34_20260816n203328_final.vasp
g6_edm,0.02,0.072,0.0795471005821824,-6.3157148142865225,1,1.6200675702771554,360,1.175772007022688,out/g6_edm/dE0.072/r2/GeO_Ge120O240_d3p65_En6p34_20260817n235544_final.vasp
g6_edm,0.02,0.072,0.07736975605440133,-6.3178921588143035,1,1.6611118692119506,360,1.1000288999267418,out/g6_edm/dE0.072/r3/GeO_Ge120O240_d3p65_En6p34_20260817n235545_final.vasp
g6_edm,0.02,0.074,0.07548408072987556,-6.319777834138829,1,1.6541751323889116,360,1.1636478857796644,out/g6_edm/dE0.074/r0/GeO_Ge120O240_d3p65_En6p34_20260816n203447_final.vasp
g6_edm,0.02,0.074,0.07494075852997728,-6.320321156338728,1,1.6143373190255896,360,1.1694742430006577,out/g6_edm/dE0.074/r1/GeO_Ge120O240_d3p65_En6p34_20260816n203445_final.vasp
g6_edm,0.02,0.074,0.059937596427966255,-6.335324318440739,1,1.6436456502490766,360,0.9325241656075369,out/g6_edm/dE0.074/r2/GeO_Ge120O240_d3p65_En6p34_20260817n235549_final.vasp
g6_edm,0.02,0.074,0.0722484360274267,-6.323013478841278,1,1.6410755855342165,360,1.1278629827383997,out/g6_edm/dE0.074/r3/GeO_Ge120O240_d3p65_En6p34_20260817n235553_final.vasp
g6_edm,0.02,0.076,0.08221099688266786,-6.313050917986037,1,1.6014913230208199,360,1.2329758288659485,out/g6_edm/dE0.076/r0/GeO_Ge120O240_d3p65_En6p34_20260816n203454_final.vasp
g6_edm,0.02,0.076,0.07427498595360227,-6.320986928915103,1,1.6388915623360703,360,1.0981702531311814,out/g6_edm/dE0.076/r1/GeO_Ge120O240_d3p65_En6p34_20260816n203614_final.vasp
g6_edm,0.02,0.076,0.09332669043726316,-6.301935224431442,1,1.6457298456866776,360,1.394570643998003,out/g6_edm/dE0.076/r2/GeO_Ge120O240_d3p65_En6p34_20260817n235553_final.vasp
g6_edm,0.02,0.076,0.0742746286501692,-6.320987286218536,1,1.654879517690178,360,1.0421150111215902,out/g6_edm/dE0.076/r3/GeO_Ge120O240_d3p65_En6p34_20260817n235554_final.vasp
g6_edm,0.02,0.078,0.07512159670310048,-6.320140318165604,1,1.6374030561663024,360,1.1504170576596697,out/g6_edm/dE0.078/r0/GeO_Ge120O240_d3p65_En6p34_20260816n203610_final.vasp
g6_edm,0.02,0.078,0.06735404929759259,-6.327907865571112,1,1.661146417641083,360,1.04520662200195,out/g6_edm/dE0.078/r1/GeO_Ge120O240_d3p65_En6p34_20260816n203620_final.vasp
g6_edm,0.02,0.078,0.06579530052311178,-6.329466614345593,1,1.6483296455771008,360,1.010929082904466,out/g6_edm/dE0.078/r2/GeO_Ge120O240_d3p65_En6p34_20260817n235557_final.vasp
g6_edm,0.02,0.078,0.07158333961597574,-6.323678575252729,1,1.6573797913245387,360,1.0446272702078376,out/g6_edm/dE0.078/r3/GeO_Ge120O240_d3p65_En6p34_20260817n235558_final.vasp
g6_edm,0.02,0.08,0.08533820681829685,-6.309923708050408,1,1.6495515396613152,360,1.2280404947680126,out/g6_edm/dE0.080/r0/GeO_Ge120O240_d3p65_En6p33_20260816n203741_final.vasp
g6_edm,0.02,0.08,0.0678109868921748,-6.32745092797653,1,1.6424528394960245,360,1.0598562346608071,out/g6_edm/dE0.080/r1/GeO_Ge120O240_d3p65_En6p33_20260816n203736_final.vasp
g6_edm,0.02,0.08,0.07877923569770662,-6.316482679170998,1,1.6345688392541358,360,1.1461253588352558,out/g6_edm/dE0.080/r2/GeO_Ge120O240_d3p65_En6p33_20260817n235608_final.vasp
g6_edm,0.02,0.08,0.07776468731231656,-6.317497227556388,1,1.6590070196451547,360,1.1194616556818437,out/g6_edm/dE0.080/r3/GeO_Ge120O240_d3p65_En6p33_20260817n235714_final.vasp
g6_edm,0.02,0.082,0.0827909541102585,-6.312470960758446,1,1.6288300688499453,360,1.1554747129092293,out/g6_edm/dE0.082/r0/GeO_Ge120O240_d3p65_En6p33_20260816n203745_final.vasp
g6_edm,0.02,0.082,0.0749145046941937,-6.320347410174511,1,1.6432435520522302,360,1.2037153080443033,out/g6_edm/dE0.082/r1/GeO_Ge120O240_d3p65_En6p33_20260816n203908_final.vasp
g6_edm,0.02,0.082,0.07749607480617016,-6.317765840062535,1,1.6385129481674672,360,1.161643699147563,out/g6_edm/dE0.082/r2/GeO_Ge120O240_d3p65_En6p33_20260817n235715_final.vasp
g6_edm,0.02,0.082,0.07263420157154776,-6.322627713297157,1,1.6520793701293062,360,1.1384009936975543,out/g6_edm/dE0.082/r3/GeO_Ge120O240_d3p65_En6p33_20260817n235720_final.vasp
g6_edm,0.02,0.084,0.07307548915593998,-6.322186425712765,1,1.600789276118298,360,1.1061689656860858,out/g6_edm/dE0.084/r0/GeO_Ge120O240_d3p65_En6p33_20260816n203902_final.vasp
g6_edm,0.02,0.084,0.06544055111868019,-6.329821363750025,1,1.65402211197819,360,1.0288207778032994,out/g6_edm/dE0.084/r1/GeO_Ge120O240_d3p65_En6p33_20260816n203911_final.vasp
g6_edm,0.02,0.084,0.07919688360725896,-6.316065031261446,1,1.6297946167545243,360,1.2454098102493218,out/g6_edm/dE0.084/r2/GeO_Ge120O240_d3p65_En6p33_20260817n235724_final.vasp
g6_edm,0.02,0.084,0.07538694283480574,-6.319874972033899,1,1.628030442941445,360,1.0834051334869934,out/g6_edm/dE0.084/r3/GeO_Ge120O240_d3p65_En6p33_20260817n235723_final.vasp
g6_edm,0.02,0.086,0.07909473373905573,-6.316167181129649,1,1.626364145250051,360,1.1382970531333225,out/g6_edm/dE0.086/r0/GeO_Ge120O240_d3p65_En6p33_20260816n204035_final.vasp
g6_edm,0.02,0.086,0.08239375363755208,-6.312868161231153,1,1.645960044472905,360,1.1036745842451576,out/g6_edm/dE0.086/r1/GeO_Ge120O240_d3p65_En6p33_20260816n204028_final.vasp
g6_edm,0.02,0.086,0.06979278700108082,-6.325469127867624,1,1.624984475489859,360,1.0625897712845023,out/g6_edm/dE0.086/r2/GeO_Ge120O240_d3p65_En6p33_20260817n235725_final.vasp
g6_edm,0.02,0.086,0.0839914019911383,-6.311270512877567,1,1.6404816909240825,360,1.2153482574049657,out/g6_edm/dE0.086/r3/GeO_Ge120O240_d3p65_En6p33_20260817n235727_final.vasp
g6_edm,0.02,0.088,0.10263831780312493,-6.29262359706558,1,1.627722883631238,360,1.4147108945554088,out/g6_edm/dE0.088/r0/GeO_Ge120O240_d3p65_En6p33_20260816n204037_final.vasp
g6_edm,0.02,0.088,0.08351575890638596,-6.311746155962319,1,1.6315921739228443,360,1.1710253266461754,out/g6_edm/dE0.088/r1/GeO_Ge120O240_d3p65_En6p33_20260816n204202_final.vasp
g6_edm,0.02,0.088,0.07478634906671999,-6.320475565801985,1,1.6472987316034273,360,1.2002434797722983,out/g6_edm/dE0.088/r2/GeO_Ge120O240_d3p65_En6p33_20260817n235728_final.vasp
g6_edm,0.02,0.088,0.08081308825069922,-6.314448826618006,1,1.6502497511209648,360,1.2924997146740977,out/g6_edm/dE0.088/r3/GeO_Ge120O240_d3p65_En6p33_20260817n235740_final.vasp
g6_edm,0.02,0.09,0.08133348137202656,-6.313928433496678,1,1.6487862097383177,360,1.2425724202997355,out/g6_edm/dE0.090/r0/GeO_Ge120O240_d3p65_En6p32_20260816n204157_final.vasp
g6_edm,0.02,0.09,0.078439357276463,-6.316822557592242,1,1.6090264200120805,360,1.206420460608446,out/g6_edm/dE0.090/r1/GeO_Ge120O240_d3p65_En6p32_20260816n204203_final.vasp
g6_edm,0.02,0.09,0.07388904733363422,-6.321372867535071,1,1.6593154707969013,360,1.1843155185371534,out/g6_edm/dE0.090/r2/GeO_Ge120O240_d3p65_En6p32_20260817n235844_final.vasp
g6_edm,0.02,0.09,0.07719671168231201,-6.318065203186393,1,1.6563407395953134,360,1.2478022369935373,out/g6_edm/dE0.090/r3/GeO_Ge120O240_d3p65_En6p32_20260817n235845_final.vasp
g6_edm,0.02,0.092,0.08146184029675485,-6.31380007457195,1,1.6440473404312579,360,1.174777481256085,out/g6_edm/dE0.092/r0/GeO_Ge120O240_d3p65_En6p32_20260816n204329_final.vasp
g6_edm,0.02,0.092,0.07221328458611076,-6.323048630282594,1,1.6550629317675198,360,1.1343509522645157,out/g6_edm/dE0.092/r1/GeO_Ge120O240_d3p65_En6p32_20260816n204326_final.vasp
g6_edm,0.02,0.092,0.07139867961684665,-6.323863235251858,1,1.6605199958922283,360,1.179324297037663,out/g6_edm/dE0.092/r2/GeO_Ge120O240_d3p65_En6p32_20260817n235851_final.vasp
g6_edm,0.02,0.092,0.05942865985959589,-6.335833255009109,1,1.6421912893181427,360,0.855594106968146,out/g6_edm/dE0.092/r3/GeO_Ge120O240_d3p65_En6p32_20260817n235857_final.vasp
g6_edm,0.02,0.094,0.07137368973117209,-6.323888225137533,1,1.651905412985669,360,1.1256638213329335,out/g6_edm/dE0.094/r0/GeO_Ge120O240_d3p65_En6p32_20260816n204329_final.vasp
g6_edm,0.02,0.094,0.08511928880897646,-6.310142626059728,1,1.636220917104403,360,1.2060106867198797,out/g6_edm/dE0.094/r1/GeO_Ge120O240_d3p65_En6p32_20260816n204456_final.vasp
g6_edm,0.02,0.094,0.06545532814780763,-6.329806586720897,1,1.6564023717510934,360,0.974494708958795,out/g6_edm/dE0.094/r2/GeO_Ge120O240_d3p65_En6p32_20260817n235857_final.vasp
g6_edm,0.02,0.094,0.07983149020774682,-6.315430424660958,1,1.639645378936898,360,1.112091836383072,out/g6_edm/dE0.094/r3/GeO_Ge120O240_d3p65_En6p32_20260817n235857_final.vasp
g6_edm,0.02,0.096,0.07294787993742258,-6.322314034931282,1,1.6299911857148914,360,1.086227013974506,out/g6_edm/dE0.096/r0/GeO_Ge120O240_d3p65_En6p32_20260816n204451_final.vasp
g6_edm,0.02,0.096,0.07846132011880069,-6.316800594749904,1,1.6492482743893222,360,1.1037926931354323,out/g6_edm/dE0.096/r1/GeO_Ge120O240_d3p65_En6p32_20260816n204455_final.vasp
g6_edm,0.02,0.096,0.07836450799619765,-6.316897406872507,1,1.640534019887804,360,1.2168753836270338,out/g6_edm/dE0.096/r2/GeO_Ge120O240_d3p65_En6p32_20260817n235857_final.vasp
g6_edm,0.02,0.096,0.08353559849820691,-6.311726316370498,1,1.6429155678234122,360,1.2946642849592567,out/g6_edm/dE0.096/r3/GeO_Ge120O240_d3p65_En6p32_20260817n235858_final.vasp
g6_edm,0.02,0.098,0.09065793579675496,-6.30460397907195,1,1.6469052385724974,360,1.2179775790601117,out/g6_edm/dE0.098/r0/GeO_Ge120O240_d3p65_En6p32_20260816n204623_final.vasp
g6_edm,0.02,0.098,0.07754077082610511,-6.3177211440426,1,1.6498537105620499,360,1.1446043009196403,out/g6_edm/dE0.098/r1/GeO_Ge120O240_d3p65_En6p32_20260816n204617_final.vasp
g6_edm,0.02,0.098,0.07597260285658614,-6.319289312012119,1,1.623774934081537,360,1.1456760433333877,out/g6_edm/dE0.098/r2/GeO_Ge120O240_d3p65_En6p32_20260817n235911_final.vasp
g6_edm,0.02,0.098,0.08496114325112192,-6.310300771617583,1,1.6470425485947022,360,1.2131820171225238,out/g6_edm/dE0.098/r3/GeO_Ge120O240_d3p65_En6p32_20260818n000014_final.vasp
g6_edm,0.02,0.1,0.08357849698546538,-6.3116834178832395,1,1.635612593865672,360,1.2036066401710401,out/g6_edm/dE0.100/r0/GeO_Ge120O240_d3p65_En6p31_20260816n204621_final.vasp
g6_edm,0.02,0.1,0.08208132189735373,-6.313180592971351,1,1.6502066575321672,360,1.1811384479084708,out/g6_edm/dE0.100/r1/GeO_Ge120O240_d3p65_En6p31_20260816n204750_final.vasp
g6_edm,0.02,0.1,0.07650537011366598,-6.318756544755039,1,1.6481424586832647,360,1.1610102147255261,out/g6_edm/dE0.100/r2/GeO_Ge120O240_d3p65_En6p31_20260818n000016_final.vasp
g6_edm,0.02,0.1,0.06765760677331656,-6.327604308095388,1,1.646850514715999,360,1.0096679137797344,out/g6_edm/dE0.100/r3/GeO_Ge120O240_d3p65_En6p31_20260818n000023_final.vasp
g6_lite,0.02,0.0,0.022738645654194478,-6.37252326921451,1,1.7159538020801477,360,0.23814486816257213,out/g6_lite/dE0.000/r0/GeO_Ge120O240_d3p65_En6p41_20260818n090958_final.vasp
g6_lite,0.02,0.0,0.021425729497670964,-6.373836185371034,1,1.7051639585301073,360,0.27145320629977215,out/g6_lite/dE0.000/r1/GeO_Ge120O240_d3p65_En6p41_20260818n090959_final.vasp
g6_lite,0.02,0.0,0.014520548080738216,-6.380741366787967,1,1.7063885229493945,360,0.22636842323151787,out/g6_lite/dE0.000/r2/GeO_Ge120O240_d3p65_En6p41_20260818n090958_final.vasp
g6_lite,0.02,0.0,0.013465298155162841,-6.381796616713542,1,1.713492705105758,360,0.25446991484510245,out/g6_lite/dE0.000/r3/GeO_Ge120O240_d3p65_En6p41_20260818n090955_final.vasp
g6_lite,0.02,0.002,0.027014282328079453,-6.368247632540625,1,1.696240882772599,360,0.25027448277907777,out/g6_lite/dE0.002/r0/GeO_Ge120O240_d3p65_En6p41_20260818n090955_final.vasp
g6_lite,0.02,0.002,0.020032119284045358,-6.3752297955846595,1,1.6629547696197742,360,0.2274481918241609,out/g6_lite/dE0.002/r1/GeO_Ge120O240_d3p65_En6p41_20260818n090955_final.vasp
g6_lite,0.02,0.002,0.02289144024508527,-6.37237047462362,1,1.6925218936612947,360,0.2484218894554959,out/g6_lite/dE0.002/r2/GeO_Ge120O240_d3p65_En6p41_20260818n091007_final.vasp
g6_lite,0.02,0.002,0.0217787210823861,-6.373483193786319,1,1.716122646214888,360,0.23436713162803538,out/g6_lite/dE0.002/r3/GeO_Ge120O240_d3p65_En6p41_20260818n091007_final.vasp
g6_lite,0.02,0.004,0.015768315123081855,-6.379493599745623,1,1.7222765817978793,360,0.20589609830089137,out/g6_lite/dE0.004/r0/GeO_Ge120O240_d3p65_En6p41_20260818n091007_final.vasp
g6_lite,0.02,0.004,0.019533025209093502,-6.375728889659611,1,1.7021599095568025,360,0.276354071468781,out/g6_lite/dE0.004/r1/GeO_Ge120O240_d3p65_En6p41_20260818n091133_final.vasp
g6_lite,0.02,0.004,0.021346109296892735,-6.373915805571812,1,1.6693303407126374,360,0.2809009172520683,out/g6_lite/dE0.004/r2/GeO_Ge120O240_d3p65_En6p41_20260818n091133_final.vasp
g6_lite,0.02,0.004,0.01914345577438059,-6.376118459094324,1,1.6936394474338736,360,0.2349867806264332,out/g6_lite/dE0.004/r3/GeO_Ge120O240_d3p65_En6p41_20260818n091133_final.vasp
g6_lite,0.02,0.006,0.027396766753290613,-6.367865148115414,1,1.6950673566639043,360,0.25940001052474615,out/g6_lite/dE0.006/r0/GeO_Ge120O240_d3p65_En6p41_20260818n091128_final.vasp
g6_lite,0.02,0.006,0.019488133461008417,-6.3757737814076965,1,1.717447666551542,360,0.2553448623189918,out/g6_lite/dE0.006/r1/GeO_Ge120O240_d3p65_En6p41_20260818n091127_final.vasp
g6_lite,0.02,0.006,0.018216570456786485,-6.377045344411918,1,1.7117910998287529,360,0.24690837083893696,out/g6_lite/dE0.006/r2/GeO_Ge120O240_d3p65_En6p41_20260818n091127_final.vasp
g6_lite,0.02,0.006,0.020767216123966925,-6.374494698744738,1,1.7182772505447614,360,0.21414421841461548,out/g6_lite/dE0.006/r3/GeO_Ge120O240_d3p65_En6p41_20260818n091141_final.vasp
g6_lite,0.02,0.008,0.02409270831982191,-6.371169206548883,1,1.695593816681452,360,0.24583583267262896,out/g6_lite/dE0.008/r0/GeO_Ge120O240_d3p65_En6p41_20260818n091141_final.vasp
g6_lite,0.02,0.008,0.016891124185676176,-6.378370790683029,1,1.7041542949805617,360,0.22520807384350772,out/g6_lite/dE0.008/r1/GeO_Ge120O240_d3p65_En6p41_20260818n091141_final.vasp
g6_lite,0.02,0.008,0.02394324591948216,-6.371318668949223,1,1.708110915269038,360,0.23025529385833457,out/g6_lite/dE0.008/r2/GeO_Ge120O240_d3p65_En6p41_20260818n091304_final.vasp
g6_lite,0.02,0.008,0.018510613207096682,-6.376751301661608,1,1.6756123272969208,360,0.25780325945585625,out/g6_lite/dE0.008/r3/GeO_Ge120O240_d3p65_En6p41_20260818n091304_final.vasp
g6_lite,0.02,0.01,0.01901447074443663,-6.376247444124268,1,1.7005574953849463,360,0.23651870039248057,out/g6_lite/dE0.010/r0/GeO_Ge120O240_d3p65_En6p40_20260818n091305_final.vasp
g6_lite,0.02,0.01,0.011898821309581642,-6.383363093559123,1,1.7017204552304177,360,0.22650371884163176,out/g6_lite/dE0.010/r1/GeO_Ge120O240_d3p65_En6p40_20260818n091259_final.vasp
g6_lite,0.02,0.01,0.030767276453278036,-6.364494638415427,1,1.7014245420002556,360,0.2880408881712037,out/g6_lite/dE0.010/r2/GeO_Ge120O240_d3p65_En6p40_20260818n091258_final.vasp
g6_lite,0.02,0.01,0.02905342258303012,-6.366208492285675,1,1.7062538349862162,360,0.28124302357957437,out/g6_lite/dE0.010/r3/GeO_Ge120O240_d3p65_En6p40_20260818n091258_final.vasp
g6_lite,0.02,0.012,0.01262319871197537,-6.3826387161567295,1,1.7042004351096953,360,0.21965097664510644,out/g6_lite/dE0.012/r0/GeO_Ge120O240_d3p65_En6p40_20260818n091312_final.vasp
g6_lite,0.02,0.012,0.018815273323618875,-6.376446641545086,1,1.6997907283449931,360,0.2371245889379375,out/g6_lite/dE0.012/r1/GeO_Ge120O240_d3p65_En6p40_20260818n091313_final.vasp
g6_lite,0.02,0.012,0.02198707741361705,-6.373274837455088,1,1.7318262467748022,360,0.24677171357815852,out/g6_lite/dE0.012/r2/GeO_Ge120O240_d3p65_En6p40_20260818n091313_final.vasp
g6_lite,0.02,0.012,0.025185544328265586,-6.370076370540439,1,1.7085376360686422,360,0.2535797047950355,out/g6_lite/dE0.012/r3/GeO_Ge120O240_d3p65_En6p40_20260818n091435_final.vasp
g6_lite,0.02,0.014,0.04107123845236771,-6.354190676416337,1,1.6525812364994075,360,0.7599594717681533,out/g6_lite/dE0.014/r0/GeO_Ge120O240_d3p65_En6p40_20260818n091435_final.vasp
g6_lite,0.02,0.014,0.023047297164970004,-6.372214617703735,1,1.7089773963954467,360,0.24977096953165281,out/g6_lite/dE0.014/r1/GeO_Ge120O240_d3p65_En6p40_20260818n091437_final.vasp
g6_lite,0.02,0.014,0.028169338344083528,-6.367092576524621,1,1.6972939081939897,360,0.2405501173258382,out/g6_lite/dE0.014/r2/GeO_Ge120O240_d3p65_En6p40_20260818n091429_final.vasp
g6_lite,0.02,0.014,0.024095910620498096,-6.371166004248207,1,1.7115447595260538,360,0.225651399987867,out/g6_lite/dE0.014/r3/GeO_Ge120O240_d3p65_En6p40_20260818n091428_final.vasp
g6_lite,0.02,0.016,0.03396763788773072,-6.361294276980974,1,1.7196120229884149,360,0.27088435485669443,out/g6_lite/dE0.016/r0/GeO_Ge120O240_d3p65_En6p40_20260818n091428_final.vasp
g6_lite,0.02,0.016,0.023413537427639852,-6.371848377441065,1,1.7047876515506262,360,0.25886098689983966,out/g6_lite/dE0.016/r1/GeO_Ge120O240_d3p65_En6p40_20260818n091443_final.vasp
g6_lite,0.02,0.016,0.03554500201022126,-6.359716912858484,1,1.6864126486516005,360,0.2503241883668316,out/g6_lite/dE0.016/r2/GeO_Ge120O240_d3p65_En6p40_20260818n091443_final.vasp
g6_lite,0.02,0.016,0.016472462462240323,-6.3787894524064646,1,1.7240241262682947,360,0.21796106069107565,out/g6_lite/dE0.016/r3/GeO_Ge120O240_d3p65_En6p40_20260818n091445_final.vasp
g6_lite,0.02,0.018,0.011491120152890666,-6.383770794715814,1,1.709629443794398,360,0.19324864942568576,out/g6_lite/dE0.018/r0/GeO_Ge120O240_d3p65_En6p40_20260818n091606_final.vasp
g6_lite,0.02,0.018,0.02779127503114953,-6.367470639837555,1,1.703794210090092,360,0.24932298220885615,out/g6_lite/dE0.018/r1/GeO_Ge120O240_d3p65_En6p40_20260818n091607_final.vasp
g6_lite,0.02,0.018,0.02264492626243353,-6.372616988606271,1,1.7172309016704612,360,0.26264861694221936,out/g6_lite/dE0.018/r2/GeO_Ge120O240_d3p65_En6p40_20260818n091610_final.vasp
g6_lite,0.02,0.018,0.022143619538515402,-6.3731182953301895,1,1.7182153746043614,360,0.26070440122539534,out/g6_lite/dE0.018/r3/GeO_Ge120O240_d3p65_En6p40_20260818n091559_final.vasp
g6_lite,0.02,0.02,0.018100786703924676,-6.37716112816478,1,1.7140383877916372,360,0.2262368738360344,out/g6_lite/dE0.020/r0/GeO_Ge120O240_d3p65_En6p39_20260818n091559_final.vasp
g6_lite,0.02,0.02,0.04279533346647835,-6.3524665814022265,1,1.6437311142744901,360,0.8049782939973059,out/g6_lite/dE0.020/r1/GeO_Ge120O240_d3p65_En6p39_20260818n091600_final.vasp
g6_lite,0.02,0.02,0.04832890442410065,-6.346933010444604,1,1.674545484441523,360,0.7304256469257215,out/g6_lite/dE0.020/r2/GeO_Ge120O240_d3p65_En6p39_20260818n091614_final.vasp
g6_lite,0.02,0.02,0.020352658294104486,-6.3749092565746,1,1.7010822213874968,360,0.20532943292692954,out/g6_lite/dE0.020/r3/GeO_Ge120O240_d3p65_En6p39_20260818n091614_final.vasp
g6_lite,0.02,0.022,0.019850623041186566,-6.375411291827518,1,1.7108689390523948,360,0.2667983524795568,out/g6_lite/dE0.022/r0/GeO_Ge120O240_d3p65_En6p39_20260818n091617_final.vasp
g6_lite,0.02,0.022,0.015932660148286537,-6.379329254720418,1,1.7061203785696535,360,0.2229132597432233,out/g6_lite/dE0.022/r1/GeO_Ge120O240_d3p65_En6p39_20260818n091737_final.vasp
g6_lite,0.02,0.022,0.04711952010939768,-6.348142394759307,1,1.6769547529372997,360,0.7588630525606525,out/g6_lite/dE0.022/r2/GeO_Ge120O240_d3p65_En6p39_20260818n091738_final.vasp
g6_lite,0.02,0.022,0.03499290521920617,-6.360269009649499,1,1.6574298561475067,360,0.7844052306154987,out/g6_lite/dE0.022/r3/GeO_Ge120O240_d3p65_En6p39_20260818n091742_final.vasp
g6_lite,0.02,0.024,0.044388445310241664,-6.350873469558463,1,1.6562986606780756,360,0.8372387392090939,out/g6_lite/dE0.024/r0/GeO_Ge120O240_d3p65_En6p39_20260818n091737_final.vasp
g6_lite,0.02,0.024,0.044330279447889254,-6.350931635420816,1,1.6510662811450374,360,0.6874686214159239,out/g6_lite/dE0.024/r1/GeO_Ge120O240_d3p65_En6p39_20260818n091737_final.vasp
g6_lite,0.02,0.024,0.01915390160038033,-6.3761080132683245,1,1.7130925851468994,360,0.2860354087307034,out/g6_lite/dE0.024/r2/GeO_Ge120O240_d3p65_En6p39_20260818n091737_final.vasp
g6_lite,0.02,0.024,0.03469421249273452,-6.36056770237597,1,1.7150979886180484,360,0.3047895269579026,out/g6_lite/dE0.024/r3/GeO_Ge120O240_d3p65_En6p39_20260818n091746_final.vasp
g6_lite,0.02,0.026,0.033092761131229054,-6.362169153737476,1,1.7113150266781856,360,0.3079546525927899,out/g6_lite/dE0.026/r0/GeO_Ge120O240_d3p65_En6p39_20260818n091746_final.vasp
g6_lite,0.02,0.026,0.026351068759993268,-6.368910846108712,1,1.7047919804111622,360,0.25095096925048743,out/g6_lite/dE0.026/r1/GeO_Ge120O240_d3p65_En6p39_20260818n091749_final.vasp
g6_lite,0.02,0.026,0.02977718314615796,-6.365484731722547,1,1.7253551639312212,360,0.3921466200175482,out/g6_lite/dE0.026/r2/GeO_Ge120O240_d3p65_En6p39_20260818n091909_final.vasp
g6_lite,0.02,0.026,0.035995032438644436,-6.35926688243006,1,1.6614610806741228,360,0.7798213254080261,out/g6_lite/dE0.026/r3/GeO_Ge120O240_d3p65_En6p39_20260818n091910_final.vasp
g6_lite,0.02,0.028,0.04368167816181234,-6.3515802367068925,1,1.6516548157987432,360,0.808833379316401,out/g6_lite/dE0.028/r0/GeO_Ge120O240_d3p65_En6p39_20260818n091915_final.vasp
g6_lite,0.02,0.028,0.012064378677654197,-6.383197536191051,1,1.7074850140938476,360,0.24522446507403164,out/g6_lite/dE0.028/r1/GeO_Ge120O240_d3p65_En6p39_20260818n091908_final.vasp
g6_lite,0.02,0.028,0.04284529754382138,-6.3524166173248835,1,1.6465755176773913,360,0.820406277698022,out/g6_lite/dE0.028/r2/GeO_Ge120O240_d3p65_En6p39_20260818n091908_final.vasp
g6_lite,0.02,0.028,0.03295826579398309,-6.362303649074722,1,1.704743960566205,360,0.3577679668073805,out/g6_lite/dE0.028/r3/GeO_Ge120O240_d3p65_En6p39_20260818n091909_final.vasp
g6_lite,0.02,0.03,0.04266517054277319,-6.352596744325932,1,1.6713311962913313,360,0.8645231791560132,out/g6_lite/dE0.030/r0/GeO_Ge120O240_d3p65_En6p38_20260818n091918_final.vasp
g6_lite,0.02,0.03,0.02777818062929427,-6.367483734239411,1,1.7097278943666887,360,0.3033224161747117,out/g6_lite/dE0.030/r1/GeO_Ge120O240_d3p65_En6p38_20260818n091918_final.vasp
g6_lite,0.02,0.03,0.04879895079814123,-6.346462964070564,1,1.6667053776734864,360,0.8083030284727045,out/g6_lite/dE0.030/r2/GeO_Ge120O240_d3p65_En6p38_20260818n091921_final.vasp
g6_lite,0.02,0.03,0.033728411801310365,-6.3615335030673945,1,1.7397018757990061,360,0.3635062440645614,out/g6_lite/dE0.030/r3/GeO_Ge120O240_d3p65_En6p38_20260818n092043_final.vasp
g6_lite,0.02,0.032,0.025821870867069663,-6.369440044001635,1,1.7215371812317328,360,0.31168008457412155,out/g6_lite/dE0.032/r0/GeO_Ge120O240_d3p65_En6p38_20260818n092043_final.vasp
g6_lite,0.02,0.032,0.019860736870438878,-6.375401177998266,1,1.7031460073754583,360,0.2707889754758127,out/g6_lite/dE0.032/r1/GeO_Ge120O240_d3p65_En6p38_20260818n092048_final.vasp
g6_lite,0.02,0.032,0.05697356828136524,-6.33828834658734,1,1.6622390708281458,360,0.9122059060084533,out/g6_lite/dE0.032/r2/GeO_Ge120O240_d3p65_En6p38_20260818n092040_final.vasp
g6_lite,0.02,0.032,0.03609595066546323,-6.359165964203242,1,1.6782887835683784,360,0.43619102144543037,out/g6_lite/dE0.032/r3/GeO_Ge120O240_d3p65_En6p38_20260818n092040_final.vasp
g6_lite,0.02,0.034,0.04517566699144915,-6.350086247877256,1,1.7320966782436498,360,0.5405737725001873,out/g6_lite/dE0.034/r0/GeO_Ge120O240_d3p65_En6p38_20260818n092041_final.vasp
g6_lite,0.02,0.034,0.05002406043542784,-6.345237854433277,1,1.6684409984477784,360,0.8728767354198254,out/g6_lite/dE0.034/r1/GeO_Ge120O240_d3p65_En6p38_20260818n092052_final.vasp
g6_lite,0.02,0.034,0.02847700180157453,-6.36678491306713,1,1.7311327801131122,360,0.3772600005209039,out/g6_lite/dE0.034/r2/GeO_Ge120O240_d3p65_En6p38_20260818n092052_final.vasp
g6_lite,0.02,0.034,0.04854225313933558,-6.346719661729369,1,1.6704994376338933,360,0.8769902520273056,out/g6_lite/dE0.034/r3/GeO_Ge120O240_d3p65_En6p38_20260818n092052_final.vasp
g6_lite,0.02,0.036,0.03643035991835042,-6.3588315549503545,1,1.7413907991860125,360,0.523771306923045,out/g6_lite/dE0.036/r0/GeO_Ge120O240_d3p65_En6p38_20260818n092215_final.vasp
g6_lite,0.02,0.036,0.03890781938781984,-6.356354095480885,1,1.7248718342208857,360,0.506100719881,out/g6_lite/dE0.036/r1/GeO_Ge120O240_d3p65_En6p38_20260818n092215_final.vasp
g6_lite,0.02,0.036,0.038321799434360315,-6.356940115434345,1,1.6792105260088521,360,0.8522865191135626,out/g6_lite/dE0.036/r2/GeO_Ge120O240_d3p65_En6p38_20260818n092221_final.vasp
g6_lite,0.02,0.036,0.04148010484259679,-6.353781810026108,1,1.7232506352529358,360,0.446258872892622,out/g6_lite/dE0.036/r3/GeO_Ge120O240_d3p65_En6p38_20260818n092211_final.vasp
g6_lite,0.02,0.038,0.05411596309132083,-6.341145951777384,1,1.747539109347856,360,0.6018399993313771,out/g6_lite/dE0.038/r0/GeO_Ge120O240_d3p65_En6p38_20260818n092211_final.vasp
g6_lite,0.02,0.038,0.030583910183468177,-6.364678004685237,1,1.7170750669492851,360,0.4924083400213288,out/g6_lite/dE0.038/r1/GeO_Ge120O240_d3p65_En6p38_20260818n092212_final.vasp
g6_lite,0.02,0.038,0.053592041129808976,-6.341669873738896,1,1.6675138691526228,360,0.8680622128091889,out/g6_lite/dE0.038/r2/GeO_Ge120O240_d3p65_En6p38_20260818n092223_final.vasp
g6_lite,0.02,0.038,0.04997172735999733,-6.3452901875087075,1,1.6624809784898358,360,0.8955008843410835,out/g6_lite/dE0.038/r3/GeO_Ge120O240_d3p65_En6p38_20260818n092223_final.vasp
g6_lite,0.02,0.04,0.04708917810868929,-6.348172736760016,1,1.6719255292114605,360,0.9150106714181949,out/g6_lite/dE0.040/r0/GeO_Ge120O240_d3p65_En6p37_20260818n092224_final.vasp
g6_lite,0.02,0.04,0.048125613284233815,-6.347136301584471,1,1.7402766137644115,360,0.5899524565053028,out/g6_lite/dE0.040/r1/GeO_Ge120O240_d3p65_En6p37_20260818n092346_final.vasp
g6_lite,0.02,0.04,0.03851161482173726,-6.356750300046968,1,1.7430105401920617,360,0.5939998025293386,out/g6_lite/dE0.040/r2/GeO_Ge120O240_d3p65_En6p37_20260818n092347_final.vasp
g6_lite,0.02,0.04,0.050871114071200374,-6.3443908007975045,1,1.727203970013516,360,0.6099560673070977,out/g6_lite/dE0.040/r3/GeO_Ge120O240_d3p65_En6p37_20260818n092354_final.vasp
g6_lite,0.02,0.042,0.05987057151452113,-6.335391343354184,1,1.651113441971345,360,1.019174820195123,out/g6_lite/dE0.042/r0/GeO_Ge120O240_d3p65_En6p37_20260818n092341_final.vasp
g6_lite,0.02,0.042,0.055900158695892266,-6.339361756172813,1,1.6483460528293008,360,0.8617599973636834,out/g6_lite/dE0.042/r1/GeO_Ge120O240_d3p65_En6p37_20260818n092341_final.vasp
g6_lite,0.02,0.042,0.047563683487945596,-6.347698231380759,1,1.7343677747650146,360,0.6440034318283637,out/g6_lite/dE0.042/r2/GeO_Ge120O240_d3p65_En6p37_20260818n092343_final.vasp
g6_lite,0.02,0.042,0.058657972979724526,-6.33660394188898,1,1.6591610780263957,360,0.8608874801096263,out/g6_lite/dE0.042/r3/GeO_Ge120O240_d3p65_En6p37_20260818n092355_final.vasp
g6_lite,0.02,0.044,0.06811523784430928,-6.327146677024396,1,1.7110716040621197,360,0.7869301728660656,out/g6_lite/dE0.044/r0/GeO_Ge120O240_d3p65_En6p37_20260818n092355_final.vasp
g6_lite,0.02,0.044,0.05821227085323066,-6.337049644015474,1,1.7420499062644987,360,0.6890088833876903,out/g6_lite/dE0.044/r1/GeO_Ge120O240_d3p65_En6p37_20260818n092355_final.vasp
g6_lite,0.02,0.044,0.05455777876865309,-6.340704136100052,1,1.7534445417644267,360,0.6939247810182708,out/g6_lite/dE0.044/r2/GeO_Ge120O240_d3p65_En6p37_20260818n092518_final.vasp
g6_lite,0.02,0.044,0.06235964263731564,-6.332902272231389,1,1.7381634823707546,360,0.7607736791539442,out/g6_lite/dE0.044/r3/GeO_Ge120O240_d3p65_En6p37_20260818n092519_final.vasp
g6_lite,0.02,0.046,0.04593204265162676,-6.349329872217078,1,1.7584420781151482,360,0.7091353698445342,out/g6_lite/dE0.046/r0/GeO_Ge120O240_d3p65_En6p37_20260818n092527_final.vasp
g6_lite,0.02,0.046,0.05816002848098201,-6.337101886387723,1,1.7617958812479249,360,0.7506731423185498,out/g6_lite/dE0.046/r1/GeO_Ge120O240_d3p65_En6p37_20260818n092512_final.vasp
g6_lite,0.02,0.046,0.05159168162093142,-6.3436702332477735,1,1.727074268285871,360,0.7059231823511752,out/g6_lite/dE0.046/r2/GeO_Ge120O240_d3p65_En6p37_20260818n092511_final.vasp
g6_lite,0.02,0.046,0.05952030963412103,-6.335741605234584,1,1.7466626168377835,360,0.7564855137497262,out/g6_lite/dE0.046/r3/GeO_Ge120O240_d3p65_En6p37_20260818n092513_final.vasp
g6_lite,0.02,0.048,0.06273247365095713,-6.332529441217748,1,1.7293714577062116,360,0.7637623032913171,out/g6_lite/dE0.048/r0/GeO_Ge120O240_d3p65_En6p37_20260818n092526_final.vasp
g6_lite,0.02,0.048,0.05842800944383342,-6.3368339054248715,1,1.744367203110255,360,0.7741340025046468,out/g6_lite/dE0.048/r1/GeO_Ge120O240_d3p65_En6p37_20260818n092526_final.vasp
g6_lite,0.02,0.048,0.05892568611410898,-6.336336228754596,1,1.746213632199709,360,0.7952220479338581,out/g6_lite/dE0.048/r2/GeO_Ge120O240_d3p65_En6p37_20260818n092528_final.vasp
g6_lite,0.02,0.048,0.0651290282821444,-6.3301328865865605,1,1.736134529681482,360,0.7635472011639264,out/g6_lite/dE0.048/r3/GeO_Ge120O240_d3p65_En6p37_20260818n092649_final.vasp
g6_lite,0.02,0.05,0.06966146528853479,-6.32560044958017,1,1.740734094989536,360,0.8214852880243178,out/g6_lite/dE0.050/r0/GeO_Ge120O240_d3p65_En6p36_20260818n092651_final.vasp
g6_lite,0.02,0.05,0.05519016625935702,-6.340071748609348,1,1.6656870482514654,360,0.9830971279630896,out/g6_lite/dE0.050/r1/GeO_Ge120O240_d3p65_En6p36_20260818n092659_final.vasp
g6_lite,0.02,0.05,0.07479890344774098,-6.320463011420964,1,1.750600019321368,360,0.8471133684041274,out/g6_lite/dE0.050/r2/GeO_Ge120O240_d3p65_En6p36_20260818n092643_final.vasp
g6_lite,0.02,0.05,0.06115671689630808,-6.334105197972397,1,1.764841381167025,360,0.8203422797296811,out/g6_lite/dE0.050/r3/GeO_Ge120O240_d3p65_En6p36_20260818n092642_final.vasp
g6_lite,0.02,0.052,0.06219082777784113,-6.333071087090864,1,1.7432764368649882,360,0.8651242139654629,out/g6_lite/dE0.052/r0/GeO_Ge120O240_d3p65_En6p36_20260818n092644_final.vasp
g6_lite,0.02,0.052,0.05578904689109532,-6.33947286797761,1,1.7634229964106714,360,0.8737563837644369,out/g6_lite/dE0.052/r1/GeO_Ge120O240_d3p65_En6p36_20260818n092658_final.vasp
g6_lite,0.02,0.052,0.06687418137441892,-6.328387733494286,1,1.7449916678355823,360,0.8522333786454536,out/g6_lite/dE0.052/r2/GeO_Ge120O240_d3p65_En6p36_20260818n092658_final.vasp
g6_lite,0.02,0.052,0.06262970734298179,-6.332632207525723,1,1.7507891498537018,360,0.782340500431738,out/g6_lite/dE0.052/r3/GeO_Ge120O240_d3p65_En6p36_20260818n092700_final.vasp
g6_lite,0.02,0.054,0.06790785027751944,-6.327354064591185,1,1.755139717013554,360,0.8852805040340794,out/g6_lite/dE0.054/r0/GeO_Ge120O240_d3p65_En6p36_20260818n092820_final.vasp
g6_lite,0.02,0.054,0.07313164777581882,-6.322130267092886,1,1.7424611542657082,360,0.8666223461165136,out/g6_lite/dE0.054/r1/GeO_Ge120O240_d3p65_En6p36_20260818n092822_final.vasp
g6_lite,0.02,0.054,0.07375819018756147,-6.321503724681143,1,1.7580577602419043,360,0.8718523201662157,out/g6_lite/dE0.054/r2/GeO_Ge120O240_d3p65_En6p36_20260818n092832_final.vasp
g6_lite,0.02,0.054,0.08107077920396755,-6.314191135664737,1,1.7523421288062875,360,0.8513247250865674,out/g6_lite/dE0.054/r3/GeO_Ge120O240_d3p65_En6p36_20260818n092820_final.vasp
g6_lite,0.02,0.056,0.08280079316786626,-6.312461121700839,1,1.7548748695912024,360,0.8879001578046772,out/g6_lite/dE0.056/r0/GeO_Ge120O240_d3p65_En6p36_20260818n092820_final.vasp
g6_lite,0.02,0.056,0.07039346380284517,-6.32486845106586,1,1.6446753214365457,360,1.0336760223942105,out/g6_lite/dE0.056/r1/GeO_Ge120O240_d3p65_En6p36_20260818n092820_final.vasp
g6_lite,0.02,0.056,0.06496941215416285,-6.330292502714542,1,1.76086399939178,360,0.8718410638918578,out/g6_lite/dE0.056/r2/GeO_Ge120O240_d3p65_En6p36_20260818n092829_final.vasp
g6_lite,0.02,0.056,0.06128133871261632,-6.333980576156089,1,1.751101726508258,360,0.8243954364003506,out/g6_lite/dE0.056/r3/GeO_Ge120O240_d3p65_En6p36_20260818n092829_final.vasp
g6_lite,0.02,0.058,0.07776004852041218,-6.317501866348293,1,1.754670225137122,360,0.905046491825218,out/g6_lite/dE0.058/r0/GeO_Ge120O240_d3p65_En6p36_20260818n092832_final.vasp
g6_lite,0.02,0.058,0.06337015946042523,-6.33189175540828,1,1.7718360172012018,360,0.8933998281075665,out/g6_lite/dE0.058/r1/GeO_Ge120O240_d3p65_En6p36_20260818n092951_final.vasp
g6_lite,0.02,0.058,0.07528998257638708,-6.319971932292318,1,1.751325016778233,360,0.9038172660394738,out/g6_lite/dE0.058/r2/GeO_Ge120O240_d3p65_En6p36_20260818n092953_final.vasp
g6_lite,0.02,0.058,0.08446153125600553,-6.310800383612699,1,1.7609958505441716,360,0.9002103132692164,out/g6_lite/dE0.058/r3/GeO_Ge120O240_d3p65_En6p36_20260818n093005_final.vasp
g6_lite,0.02,0.06,0.07174801647914286,-6.323513898389562,1,1.7622860315800426,360,0.902159819533429,out/g6_lite/dE0.060/r0/GeO_Ge120O240_d3p65_En6p35_20260818n092952_final.vasp
g6_lite,0.02,0.06,0.07233635854745835,-6.3229255563212465,1,1.7671028475554473,360,0.9148123513078424,out/g6_lite/dE0.060/r1/GeO_Ge120O240_d3p65_En6p35_20260818n092952_final.vasp
g6_lite,0.02,0.06,0.07265027726425366,-6.322611637604451,1,1.7640617495551312,360,0.9357770322877662,out/g6_lite/dE0.060/r2/GeO_Ge120O240_d3p65_En6p35_20260818n092952_final.vasp
g6_lite,0.02,0.06,0.07107649322518306,-6.324185421643522,1,1.7668376392037992,360,0.8941715792920202,out/g6_lite/dE0.060/r3/GeO_Ge120O240_d3p65_En6p35_20260818n093002_final.vasp
g6_lite,0.02,0.062,0.07717603631231285,-6.318085878556392,1,1.7220032397034006,360,0.9435018818579903,out/g6_lite/dE0.062/r0/GeO_Ge120O240_d3p65_En6p35_20260818n093002_final.vasp
g6_lite,0.02,0.062,0.08402835351959848,-6.311233561349106,1,1.765919990125339,360,0.95276964916507,out/g6_lite/dE0.062/r1/GeO_Ge120O240_d3p65_En6p35_20260818n093003_final.vasp
g6_lite,0.02,0.062,0.08134973008882174,-6.313912184779883,1,1.771048557910986,360,0.9075709980626123,out/g6_lite/dE0.062/r2/GeO_Ge120O240_d3p65_En6p35_20260818n093124_final.vasp
g6_lite,0.02,0.062,0.06708264569960853,-6.328179269169096,1,1.7627015881186283,360,0.8976467842554373,out/g6_lite/dE0.062/r3/GeO_Ge120O240_d3p65_En6p35_20260818n093125_final.vasp
g6_lite,0.02,0.064,0.08308784998756291,-6.312174064881142,1,1.7602630095009828,360,0.9362806817269843,out/g6_lite/dE0.064/r0/GeO_Ge120O240_d3p65_En6p35_20260818n093137_final.vasp
g6_lite,0.02,0.064,0.07746175053816184,-6.317800164330543,1,1.75140237777448,360,0.90688873398556,out/g6_lite/dE0.064/r1/GeO_Ge120O240_d3p65_En6p35_20260818n093124_final.vasp
g6_lite,0.02,0.064,0.07808589718714654,-6.317176017681558,1,1.7605723327295884,360,0.8837288013252945,out/g6_lite/dE0.064/r2/GeO_Ge120O240_d3p65_En6p35_20260818n093123_final.vasp
g6_lite,0.02,0.064,0.08785932307811528,-6.30740259179059,1,1.7507760636341898,360,0.9424288275384328,out/g6_lite/dE0.064/r3/GeO_Ge120O240_d3p65_En6p35_20260818n093124_final.vasp
g6_lite,0.02,0.066,0.07579759733760927,-6.319464317531096,1,1.7559443450463021,360,0.9090061753967233,out/g6_lite/dE0.066/r0/GeO_Ge120O240_d3p65_En6p35_20260818n093133_final.vasp
g6_lite,0.02,0.066,0.08108329659486557,-6.314178618273839,1,1.7596393669955024,360,0.9350813964407974,out/g6_lite/dE0.066/r1/GeO_Ge120O240_d3p65_En6p35_20260818n093133_final.vasp
g6_lite,0.02,0.066,0.08722333620367095,-6.308038578665034,1,1.7237388029370335,360,0.9220379550525681,out/g6_lite/dE0.066/r2/GeO_Ge120O240_d3p65_En6p35_20260818n093135_final.vasp
g6_lite,0.02,0.066,0.07427727994051647,-6.320984634928188,1,1.7622193662256955,360,0.9379814913360635,out/g6_lite/dE0.066/r3/GeO_Ge120O240_d3p65_En6p35_20260818n093255_final.vasp
g6_lite,0.02,0.068,0.07504102820883674,-6.320220886659868,1,1.749305923770481,360,0.9692929676494704,out/g6_lite/dE0.068/r0/GeO_Ge120O240_d3p65_En6p35_20260818n093256_final.vasp
g6_lite,0.02,0.068,0.0818988205105402,-6.313363094358165,1,1.7562218551449325,360,0.9016120925126955,out/g6_lite/dE0.068/r1/GeO_Ge120O240_d3p65_En6p35_20260818n093309_final.vasp
g6_lite,0.02,0.068,0.06866834839340008,-6.326593566475305,1,1.7271905094653486,360,0.885359888041723,out/g6_lite/dE0.068/r2/GeO_Ge120O240_d3p65_En6p35_20260818n093255_final.vasp
g6_lite,0.02,0.068,0.07961735870417819,-6.315644556164527,1,1.7604780310365562,360,0.9299463774793143,out/g6_lite/dE0.068/r3/GeO_Ge120O240_d3p65_En6p35_20260818n093254_final.vasp
g6_lite,0.02,0.07,0.09202640630135317,-6.303235508567352,1,1.7659637163612056,360,0.9417992910780996,out/g6_lite/dE0.070/r0/GeO_Ge120O240_d3p65_En6p34_20260818n093254_final.vasp
g6_lite,0.02,0.07,0.09603978006920233,-6.2992221347995025,1,1.7404539309360114,360,0.975003890093443,out/g6_lite/dE0.070/r1/GeO_Ge120O240_d3p65_En6p34_20260818n093304_final.vasp
g6_lite,0.02,0.07,0.08484802707073946,-6.310413887797965,1,1.7519495352918486,360,0.9815212726942257,out/g6_lite/dE0.070/r2/GeO_Ge120O240_d3p65_En6p34_20260818n093303_final.vasp
g6_lite,0.02,0.07,0.075163386736806,-6.320098528131899,1,1.7477610664096064,360,0.9617603992354642,out/g6_lite/dE0.070/r3/GeO_Ge120O240_d3p65_En6p34_20260818n093307_final.vasp
g6_lite,0.02,0.072,0.08577847500668767,-6.309483439862017,1,1.7550679008437207,360,0.9612448226705494,out/g6_lite/dE0.072/r0/GeO_Ge120O240_d3p65_En6p34_20260818n093427_final.vasp
g6_lite,0.02,0.072,0.08954848235977231,-6.305713432508933,1,1.7646852369143577,360,0.9722026766793875,out/g6_lite/dE0.072/r1/GeO_Ge120O240_d3p65_En6p34_20260818n093428_final.vasp
g6_lite,0.02,0.072,0.09296433448973573,-6.302297580378969,1,1.7526939680421365,360,0.902609380506533,out/g6_lite/dE0.072/r2/GeO_Ge120O240_d3p65_En6p34_20260818n093443_final.vasp
g6_lite,0.02,0.072,0.08254962974922009,-6.312712285119485,1,1.7616617663903746,360,0.9469505264182307,out/g6_lite/dE0.072/r3/GeO_Ge120O240_d3p65_En6p34_20260818n093425_final.vasp
g6_lite,0.02,0.074,0.09111801225872629,-6.304143902609979,1,1.7556895101263856,360,0.9478598554054588,out/g6_lite/dE0.074/r0/GeO_Ge120O240_d3p65_En6p34_20260818n093424_final.vasp
g6_lite,0.02,0.074,0.08940262397418408,-6.305859290894521,1,1.754839262600116,360,0.9861838417288534,out/g6_lite/dE0.074/r1/GeO_Ge120O240_d3p65_En6p34_20260818n093425_final.vasp
g6_lite,0.02,0.074,0.09331835977148373,-6.301943555097221,1,1.7666060606981344,360,0.9620994560855323,out/g6_lite/dE0.074/r2/GeO_Ge120O240_d3p65_En6p34_20260818n093434_final.vasp
g6_lite,0.02,0.074,0.09613223015160166,-6.299129684717103,1,1.7588313489709733,360,0.9634707551478147,out/g6_lite/dE0.074/r3/GeO_Ge120O240_d3p65_En6p34_20260818n093433_final.vasp
g6_lite,0.02,0.076,0.085236429482352,-6.310025485386353,1,1.7514500249468972,360,0.9377705708140232,out/g6_lite/dE0.076/r0/GeO_Ge120O240_d3p65_En6p34_20260818n093438_final.vasp
g6_lite,0.02,0.076,0.0925766580395484,-6.3026852568291565,1,1.745886350015937,360,0.9918020837072896,out/g6_lite/dE0.076/r1/GeO_Ge120O240_d3p65_En6p34_20260818n093559_final.vasp
g6_lite,0.02,0.076,0.09532759375416333,-6.2999343211145415,1,1.7480175955348811,360,0.9423740882217253,out/g6_lite/dE0.076/r2/GeO_Ge120O240_d3p65_En6p34_20260818n093601_final.vasp
g6_lite,0.02,0.076,0.09048152668016218,-6.304780388188543,1,1.6979956847935211,360,1.0061737504852226,out/g6_lite/dE0.076/r3/GeO_Ge120O240_d3p65_En6p34_20260818n093617_final.vasp
g6_lite,0.02,0.078,0.08823027203091716,-6.307031642837788,1,1.7591688403394001,360,0.9686839344540765,out/g6_lite/dE0.078/r0/GeO_Ge120O240_d3p65_En6p34_20260818n093556_final.vasp
g6_lite,0.02,0.078,0.0946413342102117,-6.300620580658493,1,1.7527851158032202,360,0.9933887335356327,out/g6_lite/dE0.078/r1/GeO_Ge120O240_d3p65_En6p34_20260818n093554_final.vasp
g6_lite,0.02,0.078,0.0858956094752985,-6.309366305393406,1,1.7543567078402749,360,0.97479401072,out/g6_lite/dE0.078/r2/GeO_Ge120O240_d3p65_En6p34_20260818n093556_final.vasp
g6_lite,0.02,0.078,0.08225546751636603,-6.313006447352339,1,1.7583994463450618,360,0.9643011050585611,out/g6_lite/dE0.078/r3/GeO_Ge120O240_d3p65_En6p34_20260818n093604_final.vasp
g6_lite,0.02,0.08,0.08187772529718096,-6.313384189571524,1,1.7467693291654964,360,0.9611480268656389,out/g6_lite/dE0.080/r0/GeO_Ge120O240_d3p65_En6p33_20260818n093604_final.vasp
g6_lite,0.02,0.08,0.08527024009323547,-6.309991674775469,1,1.7748330013837292,360,0.9639854337471246,out/g6_lite/dE0.080/r1/GeO_Ge120O240_d3p65_En6p33_20260818n093610_final.vasp
g6_lite,0.02,0.08,0.09037970361944314,-6.304882211249262,1,1.7612121633517293,360,0.9476445019859403,out/g6_lite/dE0.080/r2/GeO_Ge120O240_d3p65_En6p33_20260818n093731_final.vasp
g6_lite,0.02,0.08,0.08878793949462782,-6.306473975374077,1,1.7758067889367355,360,0.9300233415878865,out/g6_lite/dE0.080/r3/GeO_Ge120O240_d3p65_En6p33_20260818n093733_final.vasp
g6_lite,0.02,0.082,0.08770929484192802,-6.307552620026777,1,1.7651714556350102,360,0.9595721823455926,out/g6_lite/dE0.082/r0/GeO_Ge120O240_d3p65_En6p33_20260818n093750_final.vasp
g6_lite,0.02,0.082,0.08998843016004887,-6.305273484708656,1,1.772348573672085,360,0.9953142663758872,out/g6_lite/dE0.082/r1/GeO_Ge120O240_d3p65_En6p33_20260818n093729_final.vasp
g6_lite,0.02,0.082,0.08877367696810001,-6.306488237900605,1,1.763204191816413,360,0.9629245627314001,out/g6_lite/dE0.082/r2/GeO_Ge120O240_d3p65_En6p33_20260818n093729_final.vasp
g6_lite,0.02,0.082,0.087093069538275,-6.30816884533043,1,1.7538262260758626,360,0.9631643354708067,out/g6_lite/dE0.082/r3/GeO_Ge120O240_d3p65_En6p33_20260818n093729_final.vasp
g6_lite,0.02,0.084,0.08386253871175064,-6.311399376156954,1,1.7670736838907604,360,0.9741401366185147,out/g6_lite/dE0.084/r0/GeO_Ge120O240_d3p65_En6p33_20260818n093737_final.vasp
g6_lite,0.02,0.084,0.08832857091980006,-6.306933343948905,1,1.7634703992319813,360,0.9466417148742251,out/g6_lite/dE0.084/r1/GeO_Ge120O240_d3p65_En6p33_20260818n093737_final.vasp
g6_lite,0.02,0.084,0.0975732636983615,-6.297688651170343,1,1.7443455855999443,360,0.9945596482222407,out/g6_lite/dE0.084/r2/GeO_Ge120O240_d3p65_En6p33_20260818n093742_final.vasp
g6_lite,0.02,0.084,0.08452133835158193,-6.310740576517123,1,1.7368225315052421,360,0.9641035944652168,out/g6_lite/dE0.084/r3/GeO_Ge120O240_d3p65_En6p33_20260818n093902_final.vasp
g6_lite,0.02,0.086,0.08344876451582195,-6.311813150352883,1,1.7665390982332982,360,0.9623832371596444,out/g6_lite/dE0.086/r0/GeO_Ge120O240_d3p65_En6p33_20260818n093905_final.vasp
g6_lite,0.02,0.086,0.0833830423371662,-6.311878872531539,1,1.7664611086084203,360,0.9616737217736335,out/g6_lite/dE0.086/r1/GeO_Ge120O240_d3p65_En6p33_20260818n093923_final.vasp
g6_lite,0.02,0.086,0.08884767380819003,-6.306414241060515,1,1.7628946367907177,360,0.9520545704676617,out/g6_lite/dE0.086/r2/GeO_Ge120O240_d3p65_En6p33_20260818n093901_final.vasp
g6_lite,0.02,0.086,0.08713176973122039,-6.3081301451374845,1,1.7684255674472151,360,0.985902711924196,out/g6_lite/dE0.086/r3/GeO_Ge120O240_d3p65_En6p33_20260818n093901_final.vasp
g6_lite,0.02,0.088,0.08697721650282997,-6.308284698365875,1,1.7487118347487005,360,0.9873979171456058,out/g6_lite/dE0.088/r0/GeO_Ge120O240_d3p65_En6p33_20260818n093901_final.vasp
g6_lite,0.02,0.088,0.07448155891150154,-6.320780355957203,1,1.769197559455219,360,0.9844446064963522,out/g6_lite/dE0.088/r1/GeO_Ge120O240_d3p65_En6p33_20260818n093909_final.vasp
g6_lite,0.02,0.088,0.0843950798423787,-6.310866835026326,1,1.7603133405124058,360,0.987765967037785,out/g6_lite/dE0.088/r2/GeO_Ge120O240_d3p65_En6p33_20260818n093909_final.vasp
g6_lite,0.02,0.088,0.08886924255702944,-6.306392672311675,1,1.7395832927795272,360,0.9399444405416646,out/g6_lite/dE0.088/r3/GeO_Ge120O240_d3p65_En6p33_20260818n093914_final.vasp
g6_lite,0.02,0.09,0.09467993138499864,-6.300581983483706,1,1.751385754020883,360,0.9879115375293563,out/g6_lite/dE0.090/r0/GeO_Ge120O240_d3p65_En6p32_20260818n094033_final.vasp
g6_lite,0.02,0.09,0.07399338715309778,-6.321268527715607,1,1.6460240819667205,360,1.1009070954722648,out/g6_lite/dE0.090/r1/GeO_Ge120O240_d3p65_En6p32_20260818n094036_final.vasp
g6_lite,0.02,0.09,0.07800751739499923,-6.317254397473706,1,1.7609926572510208,360,0.9399676915592439,out/g6_lite/dE0.090/r2/GeO_Ge120O240_d3p65_En6p32_20260818n094056_final.vasp
g6_lite,0.02,0.09,0.08585625749238535,-6.3094056573763195,1,1.7592366145756801,360,0.931797980805663,out/g6_lite/dE0.090/r3/GeO_Ge120O240_d3p65_En6p32_20260818n094032_final.vasp
g6_lite,0.02,0.092,0.10126730369423331,-6.293994611174472,1,1.760292240185847,360,0.982295599232817,out/g6_lite/dE0.092/r0/GeO_Ge120O240_d3p65_En6p32_20260818n094032_final.vasp
g6_lite,0.02,0.092,0.08096492643843245,-6.314296988430272,1,1.7557322466956768,360,0.9453320229978316,out/g6_lite/dE0.092/r1/GeO_Ge120O240_d3p65_En6p32_20260818n094032_final.vasp
g6_lite,0.02,0.092,0.0899001782469373,-6.305361736621768,1,1.7599242993153283,360,0.9636109627939973,out/g6_lite/dE0.092/r2/GeO_Ge120O240_d3p65_En6p32_20260818n094039_final.vasp
g6_lite,0.02,0.092,0.08308090750866093,-6.312181007360044,1,1.653262944916673,360,1.1796275074777633,out/g6_lite/dE0.092/r3/GeO_Ge120O240_d3p65_En6p32_20260818n094039_final.vasp
g6_lite,0.02,0.094,0.09347192767701618,-6.301789987191689,1,1.7449766533351363,360,0.9469614465770436,out/g6_lite/dE0.094/r0/GeO_Ge120O240_d3p65_En6p32_20260818n094046_final.vasp
g6_lite,0.02,0.094,0.08466245740611011,-6.310599457462595,1,1.764596938809766,360,0.9526869295231918,out/g6_lite/dE0.094/r1/GeO_Ge120O240_d3p65_En6p32_20260818n094204_final.vasp
g6_lite,0.02,0.094,0.08620707409582629,-6.309054840772879,1,1.7569262040502347,360,0.9826891281656888,out/g6_lite/dE0.094/r2/GeO_Ge120O240_d3p65_En6p32_20260818n094207_final.vasp
g6_lite,0.02,0.094,0.08998069089491256,-6.305281223973792,1,1.7766161122086332,360,0.9712744300334601,out/g6_lite/dE0.094/r3/GeO_Ge120O240_d3p65_En6p32_20260818n094229_final.vasp
g6_lite,0.02,0.096,0.08909512867684732,-6.3061667861918576,1,1.7530794474651579,360,0.9274185307078002,out/g6_lite/dE0.096/r0/GeO_Ge120O240_d3p65_En6p32_20260818n094205_final.vasp
g6_lite,0.02,0.096,0.09344749787215356,-6.301814416996551,1,1.7470831602598134,360,0.913518290538847,out/g6_lite/dE0.096/r1/GeO_Ge120O240_d3p65_En6p32_20260818n094204_final.vasp
g6_lite,0.02,0.096,0.08351465342127184,-6.311747261447433,1,1.7725433313988133,360,0.9622502498157226,out/g6_lite/dE0.096/r2/GeO_Ge120O240_d3p65_En6p32_20260818n094204_final.vasp
g6_lite,0.02,0.096,0.09605200005585424,-6.299209914812851,1,1.64940262859177,360,1.1982086965730492,out/g6_lite/dE0.096/r3/GeO_Ge120O240_d3p65_En6p32_20260818n094211_final.vasp
g6_lite,0.02,0.098,0.08176922313430257,-6.313492691734402,1,1.7366410866708883,360,0.9494170105315708,out/g6_lite/dE0.098/r0/GeO_Ge120O240_d3p65_En6p32_20260818n094211_final.vasp
g6_lite,0.02,0.098,0.08967964257806038,-6.3055822722906445,1,1.623134539398592,360,1.1865956521018166,out/g6_lite/dE0.098/r1/GeO_Ge120O240_d3p65_En6p32_20260818n094218_final.vasp
g6_lite,0.02,0.098,0.08384232275730152,-6.311419592111403,1,1.7733527428978528,360,0.9270614531086823,out/g6_lite/dE0.098/r2/GeO_Ge120O240_d3p65_En6p32_20260818n094337_final.vasp
g6_lite,0.02,0.098,0.08142446307037687,-6.313837451798328,1,1.6295213490671183,360,1.1364473872811551,out/g6_lite/dE0.098/r3/GeO_Ge120O240_d3p65_En6p32_20260818n094339_final.vasp
g6_lite,0.02,0.1,0.09050374395028804,-6.304758170918417,1,1.6253616985338437,360,1.2245763894649335,out/g6_lite/dE0.100/r0/GeO_Ge120O240_d3p65_En6p31_20260818n094402_final.vasp
g6_lite,0.02,0.1,0.07606786812281907,-6.319194046745886,1,1.7365968263880343,360,0.9358485887373494,out/g6_lite/dE0.100/r1/GeO_Ge120O240_d3p65_En6p31_20260818n094336_final.vasp
g6_lite,0.02,0.1,0.08860861473286974,-6.306653300135835,1,1.7635127581625498,360,0.9084279095265925,out/g6_lite/dE0.100/r2/GeO_Ge120O240_d3p65_En6p31_20260818n094336_final.vasp
g6_lite,0.02,0.1,0.08435507406060339,-6.3109068408081015,1,1.6239126036503861,360,1.1694002010935785,out/g6_lite/dE0.100/r3/GeO_Ge120O240_d3p65_En6p31_20260818n094336_final.vasp
g6_lite_840k,0.02,0.0,0.018935482047512053,-6.376326432821193,1,1.6986787502083625,360,0.24365502059967528,out/g6_lite_840k/dE0.000/r0/GeO_Ge120O240_d3p65_En6p41_20260818n221947_final.vasp
g6_lite_840k,0.02,0.0,0.007104430766129433,-6.3881574841025754,1,1.7180521434772664,360,0.22712381731272765,out/g6_lite_840k/dE0.000/r1/GeO_Ge120O240_d3p65_En6p41_20260818n221947_final.vasp
g6_lite_840k,0.02,0.0,0.013265073649434633,-6.38199684121927,1,1.714150437263447,360,0.22950027188981958,out/g6_lite_840k/dE0.000/r2/GeO_Ge120O240_d3p65_En6p41_20260818n221947_final.vasp
g6_lite_840k,0.02,0.0,0.03041034921882968,-6.364851565649875,1,1.696190803451003,360,0.27690625386645995,out/g6_lite_840k/dE0.000/r3/GeO_Ge120O240_d3p65_En6p41_20260818n222110_final.vasp
g6_lite_840k,0.02,0.002,0.015491777209577506,-6.379770137659127,1,1.7007505161227334,360,0.2538639006347298,out/g6_lite_840k/dE0.002/r0/GeO_Ge120O240_d3p65_En6p41_20260818n222110_final.vasp
g6_lite_840k,0.02,0.002,0.014081613295433115,-6.381180301573272,1,1.7020055479825418,360,0.2351639847646891,out/g6_lite_840k/dE0.002/r1/GeO_Ge120O240_d3p65_En6p41_20260818n222110_final.vasp
g6_lite_840k,0.02,0.002,0.018243746610689726,-6.377018168258015,1,1.7014170998638087,360,0.23742551236947784,out/g6_lite_840k/dE0.002/r2/GeO_Ge120O240_d3p65_En6p41_20260818n222109_final.vasp
g6_lite_840k,0.02,0.002,0.00917428827800748,-6.386087626590697,1,1.7047839322760618,360,0.22116357042196433,out/g6_lite_840k/dE0.002/r3/GeO_Ge120O240_d3p65_En6p41_20260818n222109_final.vasp
g6_lite_840k,0.02,0.004,0.01319922470197632,-6.382062690166729,1,1.7018925223427699,360,0.22960011819670206,out/g6_lite_840k/dE0.004/r0/GeO_Ge120O240_d3p65_En6p41_20260818n222109_final.vasp
g6_lite_840k,0.02,0.004,0.02504622943326318,-6.370215685435442,1,1.709451324347905,360,0.25212715234399896,out/g6_lite_840k/dE0.004/r1/GeO_Ge120O240_d3p65_En6p41_20260818n222109_final.vasp
g6_lite_840k,0.02,0.004,0.011852215921472009,-6.383409698947233,1,1.7191580157424753,360,0.2030906044063681,out/g6_lite_840k/dE0.004/r2/GeO_Ge120O240_d3p65_En6p41_20260818n222117_final.vasp
g6_lite_840k,0.02,0.004,0.019847848863420836,-6.375414066005284,1,1.6898070470659625,360,0.2531887395939813,out/g6_lite_840k/dE0.004/r3/GeO_Ge120O240_d3p65_En6p41_20260818n222117_final.vasp
g6_lite_840k,0.02,0.006,0.022810153517029086,-6.372451761351676,1,1.7003066536611233,360,0.25792265254672936,out/g6_lite_840k/dE0.006/r0/GeO_Ge120O240_d3p65_En6p41_20260818n222117_final.vasp
g6_lite_840k,0.02,0.006,0.01574961577026901,-6.379512299098436,1,1.7098945112417545,360,0.2363443654769457,out/g6_lite_840k/dE0.006/r1/GeO_Ge120O240_d3p65_En6p41_20260818n222138_final.vasp
g6_lite_840k,0.02,0.006,0.03150392538577851,-6.363757989482926,1,1.7032534396720804,360,0.2710274890379625,out/g6_lite_840k/dE0.006/r2/GeO_Ge120O240_d3p65_En6p41_20260818n222139_final.vasp
g6_lite_840k,0.02,0.006,0.022980372469874055,-6.372281542398831,1,1.7032081508168873,360,0.25867114642750644,out/g6_lite_840k/dE0.006/r3/GeO_Ge120O240_d3p65_En6p41_20260818n222139_final.vasp
g6_lite_840k,0.02,0.008,0.011110336769942997,-6.384151578098762,1,1.7089873075649822,360,0.20939574964713079,out/g6_lite_840k/dE0.008/r0/GeO_Ge120O240_d3p65_En6p41_20260818n222138_final.vasp
g6_lite_840k,0.02,0.008,0.013445680390406167,-6.381816234478299,1,1.673165776334765,360,0.22551231446741582,out/g6_lite_840k/dE0.008/r1/GeO_Ge120O240_d3p65_En6p41_20260818n222138_final.vasp
g6_lite_840k,0.02,0.008,0.0011020689425160768,-6.394159845926189,1,1.7032628123339848,360,0.20045428291841058,out/g6_lite_840k/dE0.008/r2/GeO_Ge120O240_d3p65_En6p41_20260818n222139_final.vasp
g6_lite_840k,0.02,0.008,0.030929413541730177,-6.364332501326975,1,1.713785095894661,360,0.24309223187574464,out/g6_lite_840k/dE0.008/r3/GeO_Ge120O240_d3p65_En6p41_20260818n222138_final.vasp
g6_lite_840k,0.02,0.01,0.010660885410041843,-6.384601029458663,1,1.6925325950971162,360,0.21609641631484297,out/g6_lite_840k/dE0.010/r0/GeO_Ge120O240_d3p65_En6p40_20260818n222204_final.vasp
g6_lite_840k,0.02,0.01,0.015699762286304875,-6.3795621525824,1,1.7179128638617578,360,0.2326682317706823,out/g6_lite_840k/dE0.010/r1/GeO_Ge120O240_d3p65_En6p40_20260818n222204_final.vasp
g6_lite_840k,0.02,0.01,0.013690217957566198,-6.381571696911139,1,1.7048531446002984,360,0.22733069202879208,out/g6_lite_840k/dE0.010/r2/GeO_Ge120O240_d3p65_En6p40_20260818n222204_final.vasp
g6_lite_840k,0.02,0.01,0.020331460594269934,-6.374930454274435,1,1.6966389623152305,360,0.24526347896351708,out/g6_lite_840k/dE0.010/r3/GeO_Ge120O240_d3p65_En6p40_20260818n222204_final.vasp
g6_lite_840k,0.02,0.012,0.013281086854431301,-6.381980828014274,1,1.7121527327716086,360,0.2236903712803186,out/g6_lite_840k/dE0.012/r0/GeO_Ge120O240_d3p65_En6p40_20260818n222205_final.vasp
g6_lite_840k,0.02,0.012,0.01055400559531261,-6.384707909273392,1,1.7045640389660555,360,0.1990677479581832,out/g6_lite_840k/dE0.012/r1/GeO_Ge120O240_d3p65_En6p40_20260818n222205_final.vasp
g6_lite_840k,0.02,0.012,0.025094931161905087,-6.3701669837068,1,1.6921009579324209,360,0.25491019389675545,out/g6_lite_840k/dE0.012/r2/GeO_Ge120O240_d3p65_En6p40_20260818n222205_final.vasp
g6_lite_840k,0.02,0.012,0.021478326424771765,-6.373783588443933,1,1.6965081948331884,360,0.23416895837561244,out/g6_lite_840k/dE0.012/r3/GeO_Ge120O240_d3p65_En6p40_20260818n222229_final.vasp
g6_lite_840k,0.02,0.014,0.011083865040462548,-6.384178049828242,1,1.7053161854350662,360,0.21995319626871393,out/g6_lite_840k/dE0.014/r0/GeO_Ge120O240_d3p65_En6p40_20260818n222229_final.vasp
g6_lite_840k,0.02,0.014,0.023300581655274932,-6.37196133321343,1,1.6829243566393797,360,0.24457650879269735,out/g6_lite_840k/dE0.014/r1/GeO_Ge120O240_d3p65_En6p40_20260818n222229_final.vasp
g6_lite_840k,0.02,0.014,0.02308218755811886,-6.372179727310586,1,1.6907783285576743,360,0.23993745566775543,out/g6_lite_840k/dE0.014/r2/GeO_Ge120O240_d3p65_En6p40_20260818n222229_final.vasp
g6_lite_840k,0.02,0.014,0.023778532137284536,-6.37148338273142,1,1.6461729911695497,360,0.26315299272203624,out/g6_lite_840k/dE0.014/r3/GeO_Ge120O240_d3p65_En6p40_20260818n222231_final.vasp
g6_lite_840k,0.02,0.016,0.01833174285349326,-6.376930172015212,1,1.6847680253040702,360,0.23442158789854822,out/g6_lite_840k/dE0.016/r0/GeO_Ge120O240_d3p65_En6p40_20260818n222231_final.vasp
g6_lite_840k,0.02,0.016,0.0213217502078189,-6.373940164660886,1,1.6838184084072465,360,0.26052234391851675,out/g6_lite_840k/dE0.016/r1/GeO_Ge120O240_d3p65_En6p40_20260818n222231_final.vasp
g6_lite_840k,0.02,0.016,0.026979321898151554,-6.368282592970553,1,1.708537296882941,360,0.2314043548449383,out/g6_lite_840k/dE0.016/r2/GeO_Ge120O240_d3p65_En6p40_20260818n222243_final.vasp
g6_lite_840k,0.02,0.016,0.015714914000630742,-6.379547000868074,1,1.6776874889744189,360,0.2134700395296831,out/g6_lite_840k/dE0.016/r3/GeO_Ge120O240_d3p65_En6p40_20260818n222244_final.vasp
g6_lite_840k,0.02,0.018,0.016524246730979186,-6.378737668137726,1,1.688379495153027,360,0.23286266249032353,out/g6_lite_840k/dE0.018/r0/GeO_Ge120O240_d3p65_En6p40_20260818n222245_final.vasp
g6_lite_840k,0.02,0.018,0.026898426726299718,-6.368363488142405,1,1.6939818543765481,360,0.2245408139169394,out/g6_lite_840k/dE0.018/r1/GeO_Ge120O240_d3p65_En6p40_20260818n222255_final.vasp
g6_lite_840k,0.02,0.018,0.03069916072975687,-6.364562754138948,1,1.6836359549651105,360,0.2463192400767829,out/g6_lite_840k/dE0.018/r2/GeO_Ge120O240_d3p65_En6p40_20260818n222255_final.vasp
g6_lite_840k,0.02,0.018,0.021918798108725213,-6.37334311675998,1,1.7009733730104046,360,0.2330561392397571,out/g6_lite_840k/dE0.018/r3/GeO_Ge120O240_d3p65_En6p40_20260818n222255_final.vasp
g6_lite_840k,0.02,0.02,0.019726448932785523,-6.375535465935919,1,1.7091534792419243,360,0.21925454943076333,out/g6_lite_840k/dE0.020/r0/GeO_Ge120O240_d3p65_En6p39_20260818n222255_final.vasp
g6_lite_840k,0.02,0.02,0.013274781416173553,-6.381987133452531,1,1.705800884578263,360,0.2056413140743364,out/g6_lite_840k/dE0.020/r1/GeO_Ge120O240_d3p65_En6p39_20260818n222257_final.vasp
g6_lite_840k,0.02,0.02,0.0150710356489423,-6.380190879219763,1,1.7006585251758208,360,0.19222022705642292,out/g6_lite_840k/dE0.020/r2/GeO_Ge120O240_d3p65_En6p39_20260818n222257_final.vasp
g6_lite_840k,0.02,0.02,0.010714841500616856,-6.384547073368088,1,1.7116243686151522,360,0.19426978475068293,out/g6_lite_840k/dE0.020/r3/GeO_Ge120O240_d3p65_En6p39_20260818n222257_final.vasp
g6_lite_840k,0.02,0.022,0.015633137702784516,-6.37962877716592,1,1.7083030360790006,360,0.21890253212267738,out/g6_lite_840k/dE0.022/r0/GeO_Ge120O240_d3p65_En6p39_20260818n222320_final.vasp
g6_lite_840k,0.02,0.022,0.020810415426704587,-6.374451499442,1,1.7022951439121008,360,0.20721174951542687,out/g6_lite_840k/dE0.022/r1/GeO_Ge120O240_d3p65_En6p39_20260818n222320_final.vasp
g6_lite_840k,0.02,0.022,0.016708711715502922,-6.378553203153202,1,1.7066448303250725,360,0.2237833500921753,out/g6_lite_840k/dE0.022/r2/GeO_Ge120O240_d3p65_En6p39_20260818n222320_final.vasp
g6_lite_840k,0.02,0.022,0.01755789095977356,-6.377704023908931,1,1.7053852520836184,360,0.23792002129907586,out/g6_lite_840k/dE0.022/r3/GeO_Ge120O240_d3p65_En6p39_20260818n222320_final.vasp
g6_lite_840k,0.02,0.024,0.03679732923202916,-6.358464585636676,1,1.6589583468453188,360,0.7274237066609267,out/g6_lite_840k/dE0.024/r0/GeO_Ge120O240_d3p65_En6p39_20260818n222323_final.vasp
g6_lite_840k,0.02,0.024,0.022372305560900863,-6.372889609307804,1,1.7058988758386429,360,0.22501052410753508,out/g6_lite_840k/dE0.024/r1/GeO_Ge120O240_d3p65_En6p39_20260818n222323_final.vasp
g6_lite_840k,0.02,0.024,0.020275597994293015,-6.374986316874412,1,1.7030970520837418,360,0.200161024065936,out/g6_lite_840k/dE0.024/r2/GeO_Ge120O240_d3p65_En6p39_20260818n222324_final.vasp
g6_lite_840k,0.02,0.024,0.003893583090096797,-6.391368331778608,1,1.7076664717707106,360,0.1875625515504063,out/g6_lite_840k/dE0.024/r3/GeO_Ge120O240_d3p65_En6p39_20260818n222345_final.vasp
g6_lite_840k,0.02,0.026,0.036740636492965884,-6.358521278375739,1,1.6786376583734697,360,0.7378655743909598,out/g6_lite_840k/dE0.026/r0/GeO_Ge120O240_d3p65_En6p39_20260818n222346_final.vasp
g6_lite_840k,0.02,0.026,0.01599107169460723,-6.379270843174098,1,1.6928285386765918,360,0.20338506044689925,out/g6_lite_840k/dE0.026/r1/GeO_Ge120O240_d3p65_En6p39_20260818n222346_final.vasp
g6_lite_840k,0.02,0.026,0.043969741962190056,-6.351292172906515,1,1.6544365700084969,360,0.7262609566909908,out/g6_lite_840k/dE0.026/r2/GeO_Ge120O240_d3p65_En6p39_20260818n222346_final.vasp
g6_lite_840k,0.02,0.026,0.01852574282283559,-6.376736172045869,1,1.697396813786377,360,0.22323891112146688,out/g6_lite_840k/dE0.026/r3/GeO_Ge120O240_d3p65_En6p39_20260818n222350_final.vasp
g6_lite_840k,0.02,0.028,0.04141529103785935,-6.3538466238308455,1,1.659228995085494,360,0.7637886201499408,out/g6_lite_840k/dE0.028/r0/GeO_Ge120O240_d3p65_En6p39_20260818n222350_final.vasp
g6_lite_840k,0.02,0.028,0.04570046486914148,-6.349561449999563,1,1.6392157803798888,360,0.7189179886140306,out/g6_lite_840k/dE0.028/r1/GeO_Ge120O240_d3p65_En6p39_20260818n222350_final.vasp
g6_lite_840k,0.02,0.028,0.04854436635998827,-6.346717548508717,1,1.6506938823781547,360,0.7349658314205649,out/g6_lite_840k/dE0.028/r2/GeO_Ge120O240_d3p65_En6p39_20260818n222411_final.vasp
g6_lite_840k,0.02,0.028,0.045073678084475155,-6.35018823678423,1,1.6314975093016222,360,0.785850203600841,out/g6_lite_840k/dE0.028/r3/GeO_Ge120O240_d3p65_En6p39_20260818n222410_final.vasp
g6_lite_840k,0.02,0.03,0.019533586657764168,-6.375728328210941,1,1.6803849589811137,360,0.2062089444138419,out/g6_lite_840k/dE0.030/r0/GeO_Ge120O240_d3p65_En6p38_20260818n222411_final.vasp
g6_lite_840k,0.02,0.03,0.02197255711489543,-6.3732893577538094,1,1.694175916444871,360,0.1867227327154031,out/g6_lite_840k/dE0.030/r1/GeO_Ge120O240_d3p65_En6p38_20260818n222411_final.vasp
g6_lite_840k,0.02,0.03,0.042493549816565945,-6.352768365052139,1,1.6697819460441234,360,0.7674376739749984,out/g6_lite_840k/dE0.030/r2/GeO_Ge120O240_d3p65_En6p38_20260818n222411_final.vasp
g6_lite_840k,0.02,0.03,0.018158406581989972,-6.377103508286715,1,1.7126483857475927,360,0.19514944427764583,out/g6_lite_840k/dE0.030/r3/GeO_Ge120O240_d3p65_En6p38_20260818n222411_final.vasp
g6_lite_840k,0.02,0.032,0.022505222156707028,-6.372756692711998,1,1.6971875632570916,360,0.2250470515434747,out/g6_lite_840k/dE0.032/r0/GeO_Ge120O240_d3p65_En6p38_20260818n222412_final.vasp
g6_lite_840k,0.02,0.032,0.0349407339215837,-6.360321180947121,1,1.67995044426071,360,0.7146791916065602,out/g6_lite_840k/dE0.032/r1/GeO_Ge120O240_d3p65_En6p38_20260818n222416_final.vasp
g6_lite_840k,0.02,0.032,0.010769288649429498,-6.384492626219275,1,1.7210779261581761,360,0.19937788981562204,out/g6_lite_840k/dE0.032/r2/GeO_Ge120O240_d3p65_En6p38_20260818n222416_final.vasp
g6_lite_840k,0.02,0.032,0.040498681748418974,-6.354763233120286,1,1.6434252707224195,360,0.8612049456539667,out/g6_lite_840k/dE0.032/r3/GeO_Ge120O240_d3p65_En6p38_20260818n222416_final.vasp
g6_lite_840k,0.02,0.034,0.03311555229876095,-6.362146362569944,1,1.6723263815788891,360,0.7209496870123553,out/g6_lite_840k/dE0.034/r0/GeO_Ge120O240_d3p65_En6p38_20260818n222436_final.vasp
g6_lite_840k,0.02,0.034,0.024239916438572706,-6.371021998430132,1,1.6968631179257994,360,0.21653663965442663,out/g6_lite_840k/dE0.034/r1/GeO_Ge120O240_d3p65_En6p38_20260818n222437_final.vasp
g6_lite_840k,0.02,0.034,0.04522330952544529,-6.35003860534326,1,1.660295890337327,360,0.8229684970268504,out/g6_lite_840k/dE0.034/r2/GeO_Ge120O240_d3p65_En6p38_20260818n222437_final.vasp
g6_lite_840k,0.02,0.034,0.044598193431927946,-6.350663721436777,1,1.6636528343870391,360,0.8163919419419012,out/g6_lite_840k/dE0.034/r3/GeO_Ge120O240_d3p65_En6p38_20260818n222437_final.vasp
g6_lite_840k,0.02,0.036,0.05101887829658569,-6.344243036572119,1,1.6422208526692876,360,0.8136475710453417,out/g6_lite_840k/dE0.036/r0/GeO_Ge120O240_d3p65_En6p38_20260818n222442_final.vasp
g6_lite_840k,0.02,0.036,0.048323498660269415,-6.3469384162084355,1,1.6605219178650263,360,0.7737094861107529,out/g6_lite_840k/dE0.036/r1/GeO_Ge120O240_d3p65_En6p38_20260818n222442_final.vasp
g6_lite_840k,0.02,0.036,0.047758595217811894,-6.347503319650893,1,1.6514556730756806,360,0.7918823524352523,out/g6_lite_840k/dE0.036/r2/GeO_Ge120O240_d3p65_En6p38_20260818n222442_final.vasp
g6_lite_840k,0.02,0.036,0.026963750829472666,-6.368298164039232,1,1.6967788098120367,360,0.21315175687279225,out/g6_lite_840k/dE0.036/r3/GeO_Ge120O240_d3p65_En6p38_20260818n222502_final.vasp
g6_lite_840k,0.02,0.038,0.04509658456612442,-6.3501653303025805,1,1.6565230560460702,360,0.8761106141327623,out/g6_lite_840k/dE0.038/r0/GeO_Ge120O240_d3p65_En6p38_20260818n222502_final.vasp
g6_lite_840k,0.02,0.038,0.023566670440603232,-6.371695244428102,1,1.6985593451116634,360,0.21809606448507596,out/g6_lite_840k/dE0.038/r1/GeO_Ge120O240_d3p65_En6p38_20260818n222503_final.vasp
g6_lite_840k,0.02,0.038,0.045801356417237926,-6.349460558451467,1,1.6655325706851123,360,0.7940391066843774,out/g6_lite_840k/dE0.038/r2/GeO_Ge120O240_d3p65_En6p38_20260818n222503_final.vasp
g6_lite_840k,0.02,0.038,0.008574311571497795,-6.386687603297207,1,1.7170184330557827,360,0.17262217066748012,out/g6_lite_840k/dE0.038/r3/GeO_Ge120O240_d3p65_En6p38_20260818n222509_final.vasp
g6_lite_840k,0.02,0.04,0.0388507792772641,-6.356411135591441,1,1.6658105390051918,360,0.7797701379626512,out/g6_lite_840k/dE0.040/r0/GeO_Ge120O240_d3p65_En6p37_20260818n222509_final.vasp
g6_lite_840k,0.02,0.04,0.043920856932190055,-6.351341057936515,1,1.651499181594919,360,0.9023369697040399,out/g6_lite_840k/dE0.040/r1/GeO_Ge120O240_d3p65_En6p37_20260818n222509_final.vasp
g6_lite_840k,0.02,0.04,0.049672515703618636,-6.345589399165086,1,1.6672683760346225,360,0.7179836104464512,out/g6_lite_840k/dE0.040/r2/GeO_Ge120O240_d3p65_En6p37_20260818n222527_final.vasp
g6_lite_840k,0.02,0.04,0.04286681928998348,-6.352395095578721,1,1.6456198850749122,360,0.8443694940684537,out/g6_lite_840k/dE0.040/r3/GeO_Ge120O240_d3p65_En6p37_20260818n222528_final.vasp
g6_lite_840k,0.02,0.042,0.05782195841125759,-6.337439956457447,1,1.6636038449242194,360,0.8586612828882968,out/g6_lite_840k/dE0.042/r0/GeO_Ge120O240_d3p65_En6p37_20260818n222528_final.vasp
g6_lite_840k,0.02,0.042,0.04973031409435613,-6.345531600774349,1,1.661629701908324,360,0.77631647780943,out/g6_lite_840k/dE0.042/r1/GeO_Ge120O240_d3p65_En6p37_20260818n222528_final.vasp
g6_lite_840k,0.02,0.042,0.05282404444418809,-6.342437870424517,1,1.6077383680662531,360,0.819636513488629,out/g6_lite_840k/dE0.042/r2/GeO_Ge120O240_d3p65_En6p37_20260818n222535_final.vasp
g6_lite_840k,0.02,0.042,0.03986450306263478,-6.35539741180607,1,1.6783444855282248,360,0.8213273546965295,out/g6_lite_840k/dE0.042/r3/GeO_Ge120O240_d3p65_En6p37_20260818n222535_final.vasp
g6_lite_840k,0.02,0.044,0.0686127545109203,-6.326649160357785,1,1.74438895258555,360,0.7951030207434315,out/g6_lite_840k/dE0.044/r0/GeO_Ge120O240_d3p65_En6p37_20260818n222535_final.vasp
g6_lite_840k,0.02,0.044,0.046701126876763865,-6.348560787991941,1,1.6758798875661702,360,0.8297108976495762,out/g6_lite_840k/dE0.044/r1/GeO_Ge120O240_d3p65_En6p37_20260818n222537_final.vasp
g6_lite_840k,0.02,0.044,0.0065351635293886545,-6.388726751339316,1,1.7201381574054835,360,0.18913822112837567,out/g6_lite_840k/dE0.044/r2/GeO_Ge120O240_d3p65_En6p37_20260818n222539_final.vasp
g6_lite_840k,0.02,0.044,0.014655347312889866,-6.380606567555815,1,1.7105747069182997,360,0.24133447935474062,out/g6_lite_840k/dE0.044/r3/GeO_Ge120O240_d3p65_En6p37_20260818n222540_final.vasp
g6_lite_840k,0.02,0.046,0.047607084364956975,-6.347654830503748,1,1.66680299618332,360,0.8239482691986364,out/g6_lite_840k/dE0.046/r0/GeO_Ge120O240_d3p65_En6p37_20260818n222553_final.vasp
g6_lite_840k,0.02,0.046,0.048846693446253475,-6.346415221422451,1,1.665963478472421,360,0.803129438653456,out/g6_lite_840k/dE0.046/r1/GeO_Ge120O240_d3p65_En6p37_20260818n222553_final.vasp
g6_lite_840k,0.02,0.046,0.0453494657063338,-6.349912449162371,1,1.6653980747928054,360,0.8870399228739955,out/g6_lite_840k/dE0.046/r2/GeO_Ge120O240_d3p65_En6p37_20260818n222554_final.vasp
g6_lite_840k,0.02,0.046,0.012299657549399434,-6.382962257319305,1,1.7155356888306987,360,0.22841184398372164,out/g6_lite_840k/dE0.046/r3/GeO_Ge120O240_d3p65_En6p37_20260818n222554_final.vasp
g6_lite_840k,0.02,0.048,0.059553060221325005,-6.33570885464738,1,1.6478094730625685,360,0.8172153242650406,out/g6_lite_840k/dE0.048/r0/GeO_Ge120O240_d3p65_En6p37_20260818n222602_final.vasp
g6_lite_840k,0.02,0.048,0.021554722485062072,-6.373707192383643,1,1.7103106780394106,360,0.2266234660045704,out/g6_lite_840k/dE0.048/r1/GeO_Ge120O240_d3p65_En6p37_20260818n222602_final.vasp
g6_lite_840k,0.02,0.048,0.07168416599944916,-6.323577748869256,1,1.7443113488620086,360,0.8946201599613058,out/g6_lite_840k/dE0.048/r2/GeO_Ge120O240_d3p65_En6p37_20260818n222602_final.vasp
g6_lite_840k,0.02,0.048,0.04796017323332169,-6.347301741635383,1,1.662320743073803,360,0.9222340764969926,out/g6_lite_840k/dE0.048/r3/GeO_Ge120O240_d3p65_En6p37_20260818n222618_final.vasp
g6_lite_840k,0.02,0.05,0.06890873225033278,-6.326353182618372,1,1.7613673190723858,360,0.8365410534205469,out/g6_lite_840k/dE0.050/r0/GeO_Ge120O240_d3p65_En6p36_20260818n222619_final.vasp
g6_lite_840k,0.02,0.05,0.09145087955548625,-6.303811035313219,1,1.7495423184388394,360,0.9376475155706281,out/g6_lite_840k/dE0.050/r1/GeO_Ge120O240_d3p65_En6p36_20260818n222619_final.vasp
g6_lite_840k,0.02,0.05,0.049552555050627944,-6.345709359818077,1,1.6551644487038304,360,0.9247775339535352,out/g6_lite_840k/dE0.050/r2/GeO_Ge120O240_d3p65_En6p36_20260818n222621_final.vasp
g6_lite_840k,0.02,0.05,0.05880863078663445,-6.33645328408207,1,1.6511399512523346,360,0.9048581266281224,out/g6_lite_840k/dE0.050/r3/GeO_Ge120O240_d3p65_En6p36_20260818n222628_final.vasp
g6_lite_840k,0.02,0.052,0.08401874191839198,-6.311243172950313,1,1.7341212893804958,360,0.9124645366975339,out/g6_lite_840k/dE0.052/r0/GeO_Ge120O240_d3p65_En6p36_20260818n222628_final.vasp
g6_lite_840k,0.02,0.052,0.007633242659431438,-6.387628672209273,1,1.7278784044264492,360,0.18613016887474354,out/g6_lite_840k/dE0.052/r1/GeO_Ge120O240_d3p65_En6p36_20260818n222628_final.vasp
g6_lite_840k,0.02,0.052,0.049176730131457624,-6.346085184737247,1,1.647865619920409,360,0.8548924234428052,out/g6_lite_840k/dE0.052/r2/GeO_Ge120O240_d3p65_En6p36_20260818n222644_final.vasp
g6_lite_840k,0.02,0.052,0.05052565829268296,-6.344736256576022,1,1.6565236910902923,360,0.8389214879368039,out/g6_lite_840k/dE0.052/r3/GeO_Ge120O240_d3p65_En6p36_20260818n222645_final.vasp
g6_lite_840k,0.02,0.054,0.06569240927406561,-6.329569505594639,1,1.6315371592355499,360,0.9296273807348693,out/g6_lite_840k/dE0.054/r0/GeO_Ge120O240_d3p65_En6p36_20260818n222645_final.vasp
g6_lite_840k,0.02,0.054,0.043969090786609044,-6.351292824082096,1,1.6466738605949314,360,0.868033083803579,out/g6_lite_840k/dE0.054/r1/GeO_Ge120O240_d3p65_En6p36_20260818n222647_final.vasp
g6_lite_840k,0.02,0.054,0.07362389395234814,-6.321638020916357,1,1.7721779977441805,360,0.9204419772717055,out/g6_lite_840k/dE0.054/r2/GeO_Ge120O240_d3p65_En6p36_20260818n222655_final.vasp
g6_lite_840k,0.02,0.054,0.07840820677154792,-6.316853708097157,1,1.7612113839241896,360,0.9548825392132146,out/g6_lite_840k/dE0.054/r3/GeO_Ge120O240_d3p65_En6p36_20260818n222655_final.vasp
g6_lite_840k,0.02,0.056,0.07609023824449501,-6.31917167662421,1,1.7461854059655433,360,0.9629948541376682,out/g6_lite_840k/dE0.056/r0/GeO_Ge120O240_d3p65_En6p36_20260818n222655_final.vasp
g6_lite_840k,0.02,0.056,0.05571052404119392,-6.339551390827511,1,1.6550386600868592,360,0.9191246081519184,out/g6_lite_840k/dE0.056/r1/GeO_Ge120O240_d3p65_En6p36_20260818n222705_final.vasp
g6_lite_840k,0.02,0.056,0.09470182424296603,-6.300560090625739,1,1.7547018527117675,360,0.9567853645964876,out/g6_lite_840k/dE0.056/r2/GeO_Ge120O240_d3p65_En6p36_20260818n222706_final.vasp
g6_lite_840k,0.02,0.056,0.08839617884089801,-6.306865736027807,1,1.7364597766284169,360,0.9432604386090778,out/g6_lite_840k/dE0.056/r3/GeO_Ge120O240_d3p65_En6p36_20260818n222707_final.vasp
g6_lite_840k,0.02,0.058,0.08777958677312636,-6.3074823280955785,1,1.746720546077301,360,0.9681986082610821,out/g6_lite_840k/dE0.058/r0/GeO_Ge120O240_d3p65_En6p36_20260818n222710_final.vasp
g6_lite_840k,0.02,0.058,0.07429149321446804,-6.320970421654237,1,1.7460703939514208,360,0.9423209019140908,out/g6_lite_840k/dE0.058/r1/GeO_Ge120O240_d3p65_En6p36_20260818n222711_final.vasp
g6_lite_840k,0.02,0.058,0.09730863788942479,-6.29795327697928,1,1.745046315917815,360,0.9493795332709254,out/g6_lite_840k/dE0.058/r2/GeO_Ge120O240_d3p65_En6p36_20260818n222711_final.vasp
g6_lite_840k,0.02,0.058,0.06429880462880444,-6.3309631102399,1,1.7468994854223117,360,0.8393014655588532,out/g6_lite_840k/dE0.058/r3/GeO_Ge120O240_d3p65_En6p36_20260818n222713_final.vasp
g6_lite_840k,0.02,0.06,0.101114542789432,-6.294147372079273,1,1.75560406572357,360,0.9777764042540307,out/g6_lite_840k/dE0.060/r0/GeO_Ge120O240_d3p65_En6p35_20260818n222721_final.vasp
g6_lite_840k,0.02,0.06,0.0891269125756935,-6.306135002293011,1,1.7439225218366634,360,0.8998252909500902,out/g6_lite_840k/dE0.060/r1/GeO_Ge120O240_d3p65_En6p35_20260818n222721_final.vasp
g6_lite_840k,0.02,0.06,0.060454127022850024,-6.334807787845855,1,1.6382168325233954,360,0.9663553776778921,out/g6_lite_840k/dE0.060/r2/GeO_Ge120O240_d3p65_En6p35_20260818n222721_final.vasp
g6_lite_840k,0.02,0.06,0.0865626963397581,-6.308699218528947,1,1.7625542839289468,360,0.9417520794281602,out/g6_lite_840k/dE0.060/r3/GeO_Ge120O240_d3p65_En6p35_20260818n222735_final.vasp
g6_lite_840k,0.02,0.062,0.08095029119385799,-6.314311623674847,1,1.7703745384581084,360,0.9390185271454298,out/g6_lite_840k/dE0.062/r0/GeO_Ge120O240_d3p65_En6p35_20260818n222736_final.vasp
g6_lite_840k,0.02,0.062,0.09002320809285802,-6.305238706775847,1,1.7573817897202246,360,0.9420286095392431,out/g6_lite_840k/dE0.062/r1/GeO_Ge120O240_d3p65_En6p35_20260818n222737_final.vasp
g6_lite_840k,0.02,0.062,0.09831199164459825,-6.296949923224107,1,1.7503532515522184,360,0.9704534781217872,out/g6_lite_840k/dE0.062/r2/GeO_Ge120O240_d3p65_En6p35_20260818n222739_final.vasp
g6_lite_840k,0.02,0.062,0.08230405596398693,-6.312957858904718,1,1.7603056130304569,360,0.9589826529722857,out/g6_lite_840k/dE0.062/r3/GeO_Ge120O240_d3p65_En6p35_20260818n222747_final.vasp
g6_lite_840k,0.02,0.064,0.09866898035413918,-6.296592934514566,1,1.7428574802392276,360,0.8913826686961037,out/g6_lite_840k/dE0.064/r0/GeO_Ge120O240_d3p65_En6p35_20260818n222747_final.vasp
g6_lite_840k,0.02,0.064,0.059392123858139634,-6.335869791010565,1,1.6503178635229656,360,1.0147914896746397,out/g6_lite_840k/dE0.064/r1/GeO_Ge120O240_d3p65_En6p35_20260818n222748_final.vasp
g6_lite_840k,0.02,0.064,0.09258357016741847,-6.302678344701286,1,1.7778844899614423,360,0.980463560971692,out/g6_lite_840k/dE0.064/r2/GeO_Ge120O240_d3p65_En6p35_20260818n222800_final.vasp
g6_lite_840k,0.02,0.064,0.08756080074750372,-6.307701114121201,1,1.7461360931198162,360,0.9828699223663309,out/g6_lite_840k/dE0.064/r3/GeO_Ge120O240_d3p65_En6p35_20260818n222802_final.vasp
g6_lite_840k,0.02,0.066,0.08689824347608699,-6.308363671392618,1,1.7430378574638747,360,0.9499490060815639,out/g6_lite_840k/dE0.066/r0/GeO_Ge120O240_d3p65_En6p35_20260818n222802_final.vasp
g6_lite_840k,0.02,0.066,0.08029536664953163,-6.314966548219173,1,1.7791053540442974,360,0.9773474469887993,out/g6_lite_840k/dE0.066/r1/GeO_Ge120O240_d3p65_En6p35_20260818n222805_final.vasp
g6_lite_840k,0.02,0.066,0.09447664835543623,-6.300785266513269,1,1.7742252864025534,360,0.9987591449472764,out/g6_lite_840k/dE0.066/r2/GeO_Ge120O240_d3p65_En6p35_20260818n222814_final.vasp
g6_lite_840k,0.02,0.066,0.09863692642950106,-6.296624988439204,1,1.7638642590410873,360,0.9721623350200035,out/g6_lite_840k/dE0.066/r3/GeO_Ge120O240_d3p65_En6p35_20260818n222815_final.vasp
g6_lite_840k,0.02,0.068,0.07678314287400578,-6.318478771994699,1,1.6355797923162219,360,1.0816627493041235,out/g6_lite_840k/dE0.068/r0/GeO_Ge120O240_d3p65_En6p35_20260818n222815_final.vasp
g6_lite_840k,0.02,0.068,0.0934331803190096,-6.301828734549695,1,1.7707830653982877,360,1.0137975330942435,out/g6_lite_840k/dE0.068/r1/GeO_Ge120O240_d3p65_En6p35_20260818n222826_final.vasp
g6_lite_840k,0.02,0.068,0.08932117453683652,-6.305940740331868,1,1.7694353412593276,360,0.9803804557151905,out/g6_lite_840k/dE0.068/r2/GeO_Ge120O240_d3p65_En6p35_20260818n222827_final.vasp
g6_lite_840k,0.02,0.068,0.09630709029590623,-6.298954824572799,1,1.7680226746940557,360,1.0604735035779376,out/g6_lite_840k/dE0.068/r3/GeO_Ge120O240_d3p65_En6p35_20260818n222828_final.vasp
g6_lite_840k,0.02,0.07,0.07117464008787078,-6.324087274780834,1,1.6398482832192234,360,1.112386324016441,out/g6_lite_840k/dE0.070/r0/GeO_Ge120O240_d3p65_En6p34_20260818n222830_final.vasp
g6_lite_840k,0.02,0.07,0.10105334628738483,-6.29420856858132,1,1.738246817792244,360,0.9478803288441714,out/g6_lite_840k/dE0.070/r1/GeO_Ge120O240_d3p65_En6p34_20260818n222833_final.vasp
g6_lite_840k,0.02,0.07,0.08532290507400297,-6.309939009794702,1,1.7596404995740986,360,0.9628714856301044,out/g6_lite_840k/dE0.070/r2/GeO_Ge120O240_d3p65_En6p34_20260818n222834_final.vasp
g6_lite_840k,0.02,0.07,0.10605822909667317,-6.289203685772032,1,1.780074078647231,360,1.0272566795480997,out/g6_lite_840k/dE0.070/r3/GeO_Ge120O240_d3p65_En6p34_20260818n222836_final.vasp
g6_lite_840k,0.02,0.072,0.09612068693365305,-6.299141227935052,1,1.7751721435472185,360,0.9774124421700527,out/g6_lite_840k/dE0.072/r0/GeO_Ge120O240_d3p65_En6p34_20260818n222841_final.vasp
g6_lite_840k,0.02,0.072,0.066581985669246,-6.328679929199459,1,1.632722850720264,360,1.0629458406307588,out/g6_lite_840k/dE0.072/r1/GeO_Ge120O240_d3p65_En6p34_20260818n222840_final.vasp
g6_lite_840k,0.02,0.072,0.08155570565753223,-6.313706209211173,1,1.7752487601541744,360,0.9424594621697128,out/g6_lite_840k/dE0.072/r2/GeO_Ge120O240_d3p65_En6p34_20260818n222841_final.vasp
g6_lite_840k,0.02,0.072,0.06700876713907089,-6.328253147729634,1,1.6446029149300787,360,1.0050783564526762,out/g6_lite_840k/dE0.072/r3/GeO_Ge120O240_d3p65_En6p34_20260818n222851_final.vasp
g6_lite_840k,0.02,0.074,0.08486920831179123,-6.310392706556914,1,1.625410319791461,360,1.1933381840237172,out/g6_lite_840k/dE0.074/r0/GeO_Ge120O240_d3p65_En6p34_20260818n222853_final.vasp
g6_lite_840k,0.02,0.074,0.09217494198983278,-6.303086972878872,1,1.773226251292512,360,1.0030044020492745,out/g6_lite_840k/dE0.074/r1/GeO_Ge120O240_d3p65_En6p34_20260818n222854_final.vasp
g6_lite_840k,0.02,0.074,0.08879537005170679,-6.306466544816998,1,1.767672823699068,360,1.0098383377369868,out/g6_lite_840k/dE0.074/r2/GeO_Ge120O240_d3p65_En6p34_20260818n222856_final.vasp
g6_lite_840k,0.02,0.074,0.08971735755169696,-6.305544557317008,1,1.7635459031990561,360,1.0121198208977806,out/g6_lite_840k/dE0.074/r3/GeO_Ge120O240_d3p65_En6p34_20260818n222907_final.vasp
g6_lite_840k,0.02,0.076,0.0990323759738665,-6.296229538894838,1,1.743213524285485,360,0.9837072215199288,out/g6_lite_840k/dE0.076/r0/GeO_Ge120O240_d3p65_En6p34_20260818n222907_final.vasp
g6_lite_840k,0.02,0.076,0.09325930319807707,-6.302002611670628,1,1.7165574353811572,360,0.9751624111062756,out/g6_lite_840k/dE0.076/r1/GeO_Ge120O240_d3p65_En6p34_20260818n222907_final.vasp
g6_lite_840k,0.02,0.076,0.0931595898770361,-6.302102324991669,1,1.752878353579027,360,1.0006438282895695,out/g6_lite_840k/dE0.076/r2/GeO_Ge120O240_d3p65_En6p34_20260818n222916_final.vasp
g6_lite_840k,0.02,0.076,0.08174319399020913,-6.313518720878496,1,1.6417385314624664,360,1.103168554197174,out/g6_lite_840k/dE0.076/r3/GeO_Ge120O240_d3p65_En6p34_20260818n222918_final.vasp
g6_lite_840k,0.02,0.078,0.09711883756316553,-6.298143077305539,1,1.7570289706695321,360,0.998998994114578,out/g6_lite_840k/dE0.078/r0/GeO_Ge120O240_d3p65_En6p34_20260818n222919_final.vasp
g6_lite_840k,0.02,0.078,0.09614960986118959,-6.299112305007515,1,1.762906471136115,360,0.9741842352609126,out/g6_lite_840k/dE0.078/r1/GeO_Ge120O240_d3p65_En6p34_20260818n222921_final.vasp
g6_lite_840k,0.02,0.078,0.10418809170823629,-6.291073823160469,1,1.7605217732111016,360,0.9320674592456061,out/g6_lite_840k/dE0.078/r2/GeO_Ge120O240_d3p65_En6p34_20260818n222933_final.vasp
g6_lite_840k,0.02,0.078,0.11130841445170692,-6.283953500416998,1,1.766797732865514,360,1.0227012529241808,out/g6_lite_840k/dE0.078/r3/GeO_Ge120O240_d3p65_En6p34_20260818n222933_final.vasp
g6_lite_840k,0.02,0.08,0.10591083800175571,-6.289351076866949,1,1.7815799403664088,360,1.004915978169752,out/g6_lite_840k/dE0.080/r0/GeO_Ge120O240_d3p65_En6p33_20260818n222933_final.vasp
g6_lite_840k,0.02,0.08,0.11040558884917306,-6.284856326019532,1,1.7544651070445234,360,1.0169456086321067,out/g6_lite_840k/dE0.080/r1/GeO_Ge120O240_d3p65_En6p33_20260818n222941_final.vasp
g6_lite_840k,0.02,0.08,0.09062997060052691,-6.304631944268178,1,1.7376782063672276,360,0.970477097424878,out/g6_lite_840k/dE0.080/r2/GeO_Ge120O240_d3p65_En6p33_20260818n222944_final.vasp
g6_lite_840k,0.02,0.08,0.10765674455236862,-6.287605170316336,1,1.7475718366085162,360,1.008010715021589,out/g6_lite_840k/dE0.080/r3/GeO_Ge120O240_d3p65_En6p33_20260818n222945_final.vasp
g6_lite_840k,0.02,0.082,0.09546034118738422,-6.299801573681321,1,1.7302551817978185,360,0.9806221068743104,out/g6_lite_840k/dE0.082/r0/GeO_Ge120O240_d3p65_En6p33_20260818n222947_final.vasp
g6_lite_840k,0.02,0.082,0.08425707103847824,-6.311004843830227,1,1.6425103254798021,360,1.1603037985816096,out/g6_lite_840k/dE0.082/r1/GeO_Ge120O240_d3p65_En6p33_20260818n222959_final.vasp
g6_lite_840k,0.02,0.082,0.07165245947370114,-6.323609455395004,1,1.6569729102198971,360,0.9956332422276022,out/g6_lite_840k/dE0.082/r2/GeO_Ge120O240_d3p65_En6p33_20260818n222959_final.vasp
g6_lite_840k,0.02,0.082,0.1003962349058165,-6.294865679962888,1,1.7628154917771546,360,0.9736062924415185,out/g6_lite_840k/dE0.082/r3/GeO_Ge120O240_d3p65_En6p33_20260818n223000_final.vasp
g6_lite_840k,0.02,0.084,0.09787628947168248,-6.297385625397022,1,1.7550844627232034,360,0.9557829326087898,out/g6_lite_840k/dE0.084/r0/GeO_Ge120O240_d3p65_En6p33_20260818n223000_final.vasp
g6_lite_840k,0.02,0.084,0.08812378392398035,-6.3071381309447245,1,1.6454813468101053,360,1.2634002558104886,out/g6_lite_840k/dE0.084/r1/GeO_Ge120O240_d3p65_En6p33_20260818n223001_final.vasp
g6_lite_840k,0.02,0.084,0.09019777972913268,-6.305064135139572,1,1.7607945407474723,360,0.990367554702541,out/g6_lite_840k/dE0.084/r2/GeO_Ge120O240_d3p65_En6p33_20260818n223004_final.vasp
g6_lite_840k,0.02,0.084,0.09733974061362982,-6.297922174255075,1,1.7630569952483437,360,0.9780118387447146,out/g6_lite_840k/dE0.084/r3/GeO_Ge120O240_d3p65_En6p33_20260818n223007_final.vasp
g6_lite_840k,0.02,0.086,0.11549430986636189,-6.279767605002343,1,1.7505496367455988,360,1.0067509057068431,out/g6_lite_840k/dE0.086/r0/GeO_Ge120O240_d3p65_En6p33_20260818n223010_final.vasp
g6_lite_840k,0.02,0.086,0.10217626298046323,-6.293085651888242,1,1.7275294707185411,360,0.9729959676276824,out/g6_lite_840k/dE0.086/r1/GeO_Ge120O240_d3p65_En6p33_20260818n223010_final.vasp
g6_lite_840k,0.02,0.086,0.0677775316564091,-6.327484383212296,1,1.6501120708991888,360,1.13010723925521,out/g6_lite_840k/dE0.086/r2/GeO_Ge120O240_d3p65_En6p33_20260818n223012_final.vasp
g6_lite_840k,0.02,0.086,0.08014167930280625,-6.315120235565899,1,1.6264899859956068,360,1.1566613460444914,out/g6_lite_840k/dE0.086/r3/GeO_Ge120O240_d3p65_En6p33_20260818n223025_final.vasp
g6_lite_840k,0.02,0.088,0.07854423103682162,-6.316717683831883,1,1.6490393069707017,360,1.1390488625689466,out/g6_lite_840k/dE0.088/r0/GeO_Ge120O240_d3p65_En6p33_20260818n223025_final.vasp
g6_lite_840k,0.02,0.088,0.09398541837104446,-6.30127649649766,1,1.7661312694523579,360,0.9756499049854759,out/g6_lite_840k/dE0.088/r1/GeO_Ge120O240_d3p65_En6p33_20260818n223026_final.vasp
g6_lite_840k,0.02,0.088,0.08099615628197565,-6.314265758586729,1,1.6544833338955938,360,1.2344406441172153,out/g6_lite_840k/dE0.088/r2/GeO_Ge120O240_d3p65_En6p33_20260818n223032_final.vasp
g6_lite_840k,0.02,0.088,0.07454721745321091,-6.320714697415494,1,1.633600472202342,360,1.189836351703982,out/g6_lite_840k/dE0.088/r3/GeO_Ge120O240_d3p65_En6p33_20260818n223035_final.vasp
g6_lite_840k,0.02,0.09,0.08979194863625217,-6.305469966232453,1,1.7692204104465195,360,0.9536252686802805,out/g6_lite_840k/dE0.090/r0/GeO_Ge120O240_d3p65_En6p32_20260818n223036_final.vasp
g6_lite_840k,0.02,0.09,0.08559329467932564,-6.309668620189379,1,1.6125081289436565,360,1.182604267507942,out/g6_lite_840k/dE0.090/r1/GeO_Ge120O240_d3p65_En6p32_20260818n223038_final.vasp
g6_lite_840k,0.02,0.09,0.08031351402101272,-6.314948400847692,1,1.7743551893693945,360,0.9535393634674841,out/g6_lite_840k/dE0.090/r2/GeO_Ge120O240_d3p65_En6p32_20260818n223051_final.vasp
g6_lite_840k,0.02,0.09,0.0806625906710563,-6.314599324197649,1,1.639818925583783,360,1.0841789383722218,out/g6_lite_840k/dE0.090/r3/GeO_Ge120O240_d3p65_En6p32_20260818n223051_final.vasp
g6_lite_840k,0.02,0.092,0.09163250732755035,-6.3036294075411545,1,1.6489564093297624,360,1.209475539913033,out/g6_lite_840k/dE0.092/r0/GeO_Ge120O240_d3p65_En6p32_20260818n223051_final.vasp
g6_lite_840k,0.02,0.092,0.0944211452882211,-6.300840769580484,1,1.7576493545396967,360,0.967114238173742,out/g6_lite_840k/dE0.092/r1/GeO_Ge120O240_d3p65_En6p32_20260818n223058_final.vasp
g6_lite_840k,0.02,0.092,0.08804740731602578,-6.307214507552679,1,1.7709607049605347,360,0.9701208563377981,out/g6_lite_840k/dE0.092/r2/GeO_Ge120O240_d3p65_En6p32_20260818n223101_final.vasp
g6_lite_840k,0.02,0.092,0.09456473186749736,-6.3006971830012075,1,1.7549300518379987,360,0.9326395420361525,out/g6_lite_840k/dE0.092/r3/GeO_Ge120O240_d3p65_En6p32_20260818n223101_final.vasp
g6_lite_840k,0.02,0.094,0.09268074473315124,-6.302581170135554,1,1.7475800500078844,360,0.9251724639401255,out/g6_lite_840k/dE0.094/r0/GeO_Ge120O240_d3p65_En6p32_20260818n223103_final.vasp
g6_lite_840k,0.02,0.094,0.08150564632970969,-6.313756268538995,1,1.6387342318632292,360,1.1679890019860395,out/g6_lite_840k/dE0.094/r1/GeO_Ge120O240_d3p65_En6p32_20260818n223127_final.vasp
g6_lite_840k,0.02,0.094,0.09687056833034813,-6.298391346538357,1,1.7735496762027763,360,0.9632606111567873,out/g6_lite_840k/dE0.094/r2/GeO_Ge120O240_d3p65_En6p32_20260818n223127_final.vasp
g6_lite_840k,0.02,0.094,0.08208414401932007,-6.313177770849385,1,1.766502745657669,360,0.9098581874449075,out/g6_lite_840k/dE0.094/r3/GeO_Ge120O240_d3p65_En6p32_20260818n223127_final.vasp
g6_lite_840k,0.02,0.096,0.08626069658561519,-6.30900121828309,1,1.7602147745300223,360,0.9798533174125826,out/g6_lite_840k/dE0.096/r0/GeO_Ge120O240_d3p65_En6p32_20260818n223123_final.vasp
g6_lite_840k,0.02,0.096,0.07492880112418732,-6.320333113744518,1,1.6602142666777049,360,1.053718507535713,out/g6_lite_840k/dE0.096/r1/GeO_Ge120O240_d3p65_En6p32_20260818n223126_final.vasp
g6_lite_840k,0.02,0.096,0.09969670470148806,-6.295565210167217,1,1.7528986271872393,360,0.9034852000540974,out/g6_lite_840k/dE0.096/r2/GeO_Ge120O240_d3p65_En6p32_20260818n223127_final.vasp
g6_lite_840k,0.02,0.096,0.06981029400591421,-6.325451620862791,1,1.6389697712002482,360,1.0380737493636565,out/g6_lite_840k/dE0.096/r3/GeO_Ge120O240_d3p65_En6p32_20260818n223129_final.vasp
g6_lite_840k,0.02,0.098,0.08157784359054254,-6.313684071278162,1,1.6300445942175088,360,1.0982780161784271,out/g6_lite_840k/dE0.098/r0/GeO_Ge120O240_d3p65_En6p32_20260818n223128_final.vasp
g6_lite_840k,0.02,0.098,0.0710578216290525,-6.324204093239652,1,1.6543621052599842,360,0.965780693630035,out/g6_lite_840k/dE0.098/r1/GeO_Ge120O240_d3p65_En6p32_20260818n223129_final.vasp
g6_lite_840k,0.02,0.098,0.07161670146967669,-6.323645213399028,1,1.6445004768169191,360,1.048541254554331,out/g6_lite_840k/dE0.098/r2/GeO_Ge120O240_d3p65_En6p32_20260818n223131_final.vasp
g6_lite_840k,0.02,0.098,0.07289123096009842,-6.3223706839086065,1,1.6604954949364419,360,1.0753140645539345,out/g6_lite_840k/dE0.098/r3/GeO_Ge120O240_d3p65_En6p32_20260818n223148_final.vasp
g6_lite_840k,0.02,0.1,0.07199214361313189,-6.323269771255573,1,1.6526947603737305,360,1.1243938080603197,out/g6_lite_840k/dE0.100/r0/GeO_Ge120O240_d3p65_En6p31_20260818n223152_final.vasp
g6_lite_840k,0.02,0.1,0.07815241549629892,-6.317109499372406,1,1.6460196848610047,360,1.0713497389234055,out/g6_lite_840k/dE0.100/r1/GeO_Ge120O240_d3p65_En6p31_20260818n223153_final.vasp
g6_lite_840k,0.02,0.1,0.07167690253938463,-6.32358501232932,1,1.6427896358530483,360,1.102023614412878,out/g6_lite_840k/dE0.100/r2/GeO_Ge120O240_d3p65_En6p31_20260818n223154_final.vasp
g6_lite_840k,0.02,0.1,0.09343841077170456,-6.301823504097,1,1.750806592438166,360,0.9582213733317088,out/g6_lite_840k/dE0.100/r3/GeO_Ge120O240_d3p65_En6p31_20260818n223154_final.vasp
stage1,0.02,0.0,0.006648064518027574,-6.388613850350677,1,1.7059886052678188,360,0.22651820826677752,out/stage1/dE0.000/r0/GeO_Ge120O240_d3p65_En6p41_20260816n190522_final.vasp
stage1,0.02,0.0,0.01623242994037888,-6.379029484928326,1,1.716964630503219,360,0.2335114531515915,out/stage1/dE0.000/r1/GeO_Ge120O240_d3p65_En6p41_20260816n190522_final.vasp
stage1,0.02,0.002,0.02046401670998943,-6.3747978981587154,1,1.6982683711946833,360,0.2755467698984793,out/stage1/dE0.002/r0/GeO_Ge120O240_d3p65_En6p41_20260816n190521_final.vasp
stage1,0.02,0.002,0.009938855203383667,-6.385323059665321,1,1.7239469644152405,360,0.22183691366406022,out/stage1/dE0.002/r1/GeO_Ge120O240_d3p65_En6p41_20260816n190657_final.vasp
stage1,0.02,0.004,0.021076073567646958,-6.374185841301058,1,1.6937819332720325,360,0.2626316447111015,out/stage1/dE0.004/r0/GeO_Ge120O240_d3p65_En6p41_20260816n190657_final.vasp
stage1,0.02,0.004,0.00831532804133861,-6.386946586827366,1,1.7141747837061672,360,0.21670814609200337,out/stage1/dE0.004/r1/GeO_Ge120O240_d3p65_En6p41_20260816n190658_final.vasp
stage1,0.02,0.006,0.011349773981039313,-6.383912140887666,1,1.6969319904268065,360,0.25216190372833797,out/stage1/dE0.006/r0/GeO_Ge120O240_d3p65_En6p41_20260816n190833_final.vasp
stage1,0.02,0.006,0.01637677964420181,-6.378885135224503,1,1.7006484139473295,360,0.2251243617177429,out/stage1/dE0.006/r1/GeO_Ge120O240_d3p65_En6p41_20260816n190833_final.vasp
stage1,0.02,0.008,0.021130116611731253,-6.374131798256974,1,1.7157381700333123,360,0.2696885866242273,out/stage1/dE0.008/r0/GeO_Ge120O240_d3p65_En6p41_20260816n190834_final.vasp
stage1,0.02,0.008,0.015729784024689053,-6.379532130844016,1,1.7017595979833433,360,0.24765986246020555,out/stage1/dE0.008/r1/GeO_Ge120O240_d3p65_En6p41_20260816n191008_final.vasp
stage1,0.02,0.01,0.012688303803523482,-6.382573611065181,1,1.6995860413945731,360,0.23574293754408612,out/stage1/dE0.010/r0/GeO_Ge120O240_d3p65_En6p40_20260816n191008_final.vasp
stage1,0.02,0.01,0.008280478611852438,-6.386981436256852,1,1.6993770502830465,360,0.25052392313066224,out/stage1/dE0.010/r1/GeO_Ge120O240_d3p65_En6p40_20260816n191010_final.vasp
stage1,0.02,0.012,0.01592673698571989,-6.379335177882985,1,1.7194938217654503,360,0.24398313511555555,out/stage1/dE0.012/r0/GeO_Ge120O240_d3p65_En6p40_20260816n191143_final.vasp
stage1,0.02,0.012,0.025651277462227284,-6.369610637406478,1,1.71099264469342,360,0.2515240986055266,out/stage1/dE0.012/r1/GeO_Ge120O240_d3p65_En6p40_20260816n191143_final.vasp
stage1,0.02,0.014,0.014545924137833843,-6.380715990730871,1,1.7122180431926637,360,0.2209749676209859,out/stage1/dE0.014/r0/GeO_Ge120O240_d3p65_En6p40_20260816n191146_final.vasp
stage1,0.02,0.014,0.020407854248093216,-6.374854060620612,1,1.7055823061175526,360,0.23716963067328828,out/stage1/dE0.014/r1/GeO_Ge120O240_d3p65_En6p40_20260816n191318_final.vasp
stage1,0.02,0.016,0.017171879439121795,-6.378090035429583,1,1.705966174715489,360,0.261697237235578,out/stage1/dE0.016/r0/GeO_Ge120O240_d3p65_En6p40_20260816n191318_final.vasp
stage1,0.02,0.016,0.024639360263402743,-6.370622554605302,1,1.7070447821051944,360,0.26938899136111655,out/stage1/dE0.016/r1/GeO_Ge120O240_d3p65_En6p40_20260816n191322_final.vasp
stage1,0.02,0.018,0.01303196322344835,-6.3822299516452565,1,1.6783138189810147,360,0.2246680835977394,out/stage1/dE0.018/r0/GeO_Ge120O240_d3p65_En6p40_20260816n191453_final.vasp
stage1,0.02,0.018,0.019238709230513962,-6.376023205638191,1,1.7084750287314723,360,0.25101807293370715,out/stage1/dE0.018/r1/GeO_Ge120O240_d3p65_En6p40_20260816n191453_final.vasp
stage1,0.02,0.02,0.00878043139657958,-6.386481483472125,1,1.714944957340833,360,0.2306582211067349,out/stage1/dE0.020/r0/GeO_Ge120O240_d3p65_En6p39_20260816n191458_final.vasp
stage1,0.02,0.02,0.009942905368411914,-6.385319009500293,1,1.7040077422432856,360,0.22223401489003933,out/stage1/dE0.020/r1/GeO_Ge120O240_d3p65_En6p39_20260816n191627_final.vasp
stage1,0.02,0.022,0.02110140340586053,-6.374160511462844,1,1.708858336496626,360,0.24124810470132055,out/stage1/dE0.022/r0/GeO_Ge120O240_d3p65_En6p39_20260816n191627_final.vasp
stage1,0.02,0.022,0.008523620619536487,-6.386738294249168,1,1.7004791010426306,360,0.2441646788378508,out/stage1/dE0.022/r1/GeO_Ge120O240_d3p65_En6p39_20260816n191634_final.vasp
stage1,0.02,0.024,0.013582375909433786,-6.381679538959271,1,1.6864684609083598,360,0.21729918239956614,out/stage1/dE0.024/r0/GeO_Ge120O240_d3p65_En6p39_20260816n191803_final.vasp
stage1,0.02,0.024,0.01655002669197092,-6.378711888176734,1,1.6941066880693882,360,0.23182653307657677,out/stage1/dE0.024/r1/GeO_Ge120O240_d3p65_En6p39_20260816n191802_final.vasp
stage1,0.02,0.026,0.02381040054676209,-6.371451514321943,1,1.7091701186414114,360,0.21575063477919232,out/stage1/dE0.026/r0/GeO_Ge120O240_d3p65_En6p39_20260816n191810_final.vasp
stage1,0.02,0.026,0.03556699582493561,-6.359694919043769,1,1.7132620672739227,360,0.2992484966897427,out/stage1/dE0.026/r1/GeO_Ge120O240_d3p65_En6p39_20260816n191937_final.vasp
stage1,0.02,0.028,0.016146874853929738,-6.379115040014775,1,1.7085997355778832,360,0.24046296904901732,out/stage1/dE0.028/r0/GeO_Ge120O240_d3p65_En6p39_20260816n191937_final.vasp
stage1,0.02,0.028,0.006712100643807339,-6.3885498142248975,1,1.7202556265810733,360,0.19549439510456842,out/stage1/dE0.028/r1/GeO_Ge120O240_d3p65_En6p39_20260816n191946_final.vasp
stage1,0.02,0.03,0.014486545132919915,-6.380775369735785,1,1.7103790566547594,360,0.2258657232282236,out/stage1/dE0.030/r0/GeO_Ge120O240_d3p65_En6p38_20260816n192111_final.vasp
stage1,0.02,0.03,0.01843372872375859,-6.376828186144946,1,1.7048674880648576,360,0.27457173662029566,out/stage1/dE0.030/r1/GeO_Ge120O240_d3p65_En6p38_20260816n192112_final.vasp
stage1,0.02,0.032,0.0117293437451087,-6.383532571123596,1,1.6942159529732748,360,0.22335665327381585,out/stage1/dE0.032/r0/GeO_Ge120O240_d3p65_En6p38_20260816n192122_final.vasp
stage1,0.02,0.032,0.005681554887799756,-6.389580359980905,1,1.7196015288927677,360,0.20434433867757276,out/stage1/dE0.032/r1/GeO_Ge120O240_d3p65_En6p38_20260816n192245_final.vasp
stage1,0.02,0.034,0.018032750011129473,-6.377229164857575,1,1.7139732813552793,360,0.2514338933157073,out/stage1/dE0.034/r0/GeO_Ge120O240_d3p65_En6p38_20260816n192246_final.vasp
stage1,0.02,0.034,0.023296263008134588,-6.37196565186057,1,1.6928779502919342,360,0.2630558181132195,out/stage1/dE0.034/r1/GeO_Ge120O240_d3p65_En6p38_20260816n192258_final.vasp
stage1,0.02,0.036,0.01812259195087229,-6.377139322917833,1,1.7064496533407167,360,0.24128608090693812,out/stage1/dE0.036/r0/GeO_Ge120O240_d3p65_En6p38_20260816n192420_final.vasp
stage1,0.02,0.036,0.023969489048129233,-6.371292425820576,1,1.703787947831662,360,0.2746639321497569,out/stage1/dE0.036/r1/GeO_Ge120O240_d3p65_En6p38_20260816n192420_final.vasp
stage1,0.02,0.038,0.06475494353925093,-6.330506971329454,1,1.6358348397417317,360,1.0062279234720326,out/stage1/dE0.038/r0/GeO_Ge120O240_d3p65_En6p38_20260816n192434_final.vasp
stage1,0.02,0.038,0.021755273197076264,-6.373506641671629,1,1.7361744633938923,360,0.31679528445663196,out/stage1/dE0.038/r1/GeO_Ge120O240_d3p65_En6p38_20260816n192555_final.vasp
stage1,0.02,0.04,0.07868409177116042,-6.3165778230975445,1,1.6312699854581805,360,1.0729910441598105,out/stage1/dE0.040/r0/GeO_Ge120O240_d3p65_En6p37_20260816n192555_final.vasp
stage1,0.02,0.04,0.047678827302584104,-6.347583087566121,1,1.6750347267843724,360,0.7654775066566946,out/stage1/dE0.040/r1/GeO_Ge120O240_d3p65_En6p37_20260816n192609_final.vasp
stage1,0.02,0.042,0.077363988008325,-6.31789792686038,1,1.6564666167750703,360,1.1591694298968536,out/stage1/dE0.042/r0/GeO_Ge120O240_d3p65_En6p37_20260816n192729_final.vasp
stage1,0.02,0.042,0.06077488314948809,-6.334487031719217,1,1.651590303650172,360,0.8779523769385852,out/stage1/dE0.042/r1/GeO_Ge120O240_d3p65_En6p37_20260816n192729_final.vasp
stage1,0.02,0.044,0.009326006677484955,-6.38593590819122,1,1.7158824810256548,360,0.2362790028733393,out/stage1/dE0.044/r0/GeO_Ge120O240_d3p65_En6p37_20260816n192745_final.vasp
stage1,0.02,0.044,0.11201767411271835,-6.2832442407559865,1,1.6401008243381792,360,1.3511699404931232,out/stage1/dE0.044/r1/GeO_Ge120O240_d3p65_En6p37_20260816n192904_final.vasp
stage1,0.02,0.046,0.016917476875697446,-6.378344437993007,1,1.7459938017913523,360,0.4559811698941698,out/stage1/dE0.046/r0/GeO_Ge120O240_d3p65_En6p37_20260816n192904_final.vasp
stage1,0.02,0.046,0.00858755914144993,-6.386674355727255,1,1.718095216714804,360,0.25443246309901474,out/stage1/dE0.046/r1/GeO_Ge120O240_d3p65_En6p37_20260816n192921_final.vasp
stage1,0.02,0.048,0.09390776375558918,-6.301354151113116,1,1.6550008608769284,360,1.2902595613384975,out/stage1/dE0.048/r0/GeO_Ge120O240_d3p65_En6p37_20260816n193042_final.vasp
stage1,0.02,0.048,0.0318482841081007,-6.363413630760604,1,1.7334446634933032,360,0.4476234297978631,out/stage1/dE0.048/r1/GeO_Ge120O240_d3p65_En6p37_20260816n193042_final.vasp
stage1,0.02,0.05,0.10578211240254465,-6.28947980246616,1,1.6159962290523953,360,1.2907280519419269,out/stage1/dE0.050/r0/GeO_Ge120O240_d3p65_En6p36_20260816n193057_final.vasp
stage1,0.02,0.05,0.1091288774846566,-6.286133037384048,1,1.6383594026421129,360,1.3487083311751225,out/stage1/dE0.050/r1/GeO_Ge120O240_d3p65_En6p36_20260816n193217_final.vasp
stage1,0.02,0.052,0.11521269156436187,-6.280049223304343,1,1.6277367141484034,360,1.3954645589551455,out/stage1/dE0.052/r0/GeO_Ge120O240_d3p65_En6p36_20260816n193217_final.vasp
stage1,0.02,0.052,0.10925118554590885,-6.286010729322796,1,1.630491988300776,360,1.4528205623588522,out/stage1/dE0.052/r1/GeO_Ge120O240_d3p65_En6p36_20260816n193233_final.vasp
stage1,0.02,0.054,0.11417578992064392,-6.281086124948061,1,1.6437563076624975,360,1.3737101190112446,out/stage1/dE0.054/r0/GeO_Ge120O240_d3p65_En6p36_20260816n193351_final.vasp
stage1,0.02,0.054,0.1312570092250276,-6.264004905643677,1,1.6259856087387847,360,1.522306829986638,out/stage1/dE0.054/r1/GeO_Ge120O240_d3p65_En6p36_20260816n193351_final.vasp
stage1,0.02,0.056,0.1280443398461264,-6.2672175750225785,1,1.6342483968100432,360,1.4811678569492863,out/stage1/dE0.056/r0/GeO_Ge120O240_d3p65_En6p36_20260816n193409_final.vasp
stage1,0.02,0.056,0.1525845800325918,-6.242677334836113,1,1.5833787394399148,360,1.5092882309600146,out/stage1/dE0.056/r1/GeO_Ge120O240_d3p65_En6p36_20260816n193525_final.vasp
stage1,0.02,0.058,0.03698595787818171,-6.358275956990523,1,1.7374366676840258,360,0.6109355621946176,out/stage1/dE0.058/r0/GeO_Ge120O240_d3p65_En6p36_20260816n193526_final.vasp
stage1,0.02,0.058,0.12577172540432358,-6.269490189464381,1,1.639594380860004,360,1.4882867171230614,out/stage1/dE0.058/r1/GeO_Ge120O240_d3p65_En6p36_20260816n193545_final.vasp
stage1,0.02,0.06,0.1399556922551266,-6.255306222613578,1,1.617214542356131,360,1.551576414032137,out/stage1/dE0.060/r0/GeO_Ge120O240_d3p65_En6p35_20260816n193659_final.vasp
stage1,0.02,0.06,0.1305767525561592,-6.264685162312546,1,1.633456879465125,360,1.4638846169961313,out/stage1/dE0.060/r1/GeO_Ge120O240_d3p65_En6p35_20260816n193700_final.vasp
stage1,0.02,0.062,0.07430752242040572,-6.320954392448299,1,1.7380855484030382,360,0.899805014915398,out/stage1/dE0.062/r0/GeO_Ge120O240_d3p65_En6p35_20260816n193721_final.vasp
stage1,0.02,0.062,0.07075078459965223,-6.324511130269053,1,1.7458194201872534,360,0.8353991010969664,out/stage1/dE0.062/r1/GeO_Ge120O240_d3p65_En6p35_20260816n193834_final.vasp
stage1,0.02,0.064,0.1227630552428014,-6.2724988596259035,1,1.6410454739323617,360,1.389924799003185,out/stage1/dE0.064/r0/GeO_Ge120O240_d3p65_En6p35_20260816n193834_final.vasp
stage1,0.02,0.064,0.1414278219515861,-6.253834092917119,1,1.6238163123762166,360,1.603164782765913,out/stage1/dE0.064/r1/GeO_Ge120O240_d3p65_En6p35_20260816n193856_final.vasp
stage1,0.02,0.066,0.1423028916446505,-6.252959023224054,1,1.6363080913043815,360,1.5566647595961896,out/stage1/dE0.066/r0/GeO_Ge120O240_d3p65_En6p35_20260816n194008_final.vasp
stage1,0.02,0.066,0.11351388094026671,-6.281748033928438,1,1.6333729122395575,360,1.3754570071104961,out/stage1/dE0.066/r1/GeO_Ge120O240_d3p65_En6p35_20260816n194009_final.vasp
stage1,0.02,0.068,0.13687869736768565,-6.258383217501019,1,1.618240719738722,360,1.5636122090706077,out/stage1/dE0.068/r0/GeO_Ge120O240_d3p65_En6p35_20260816n194034_final.vasp
stage1,0.02,0.068,0.04020252994549267,-6.355059384923212,1,1.7216514121079212,360,0.6399661462851521,out/stage1/dE0.068/r1/GeO_Ge120O240_d3p65_En6p35_20260816n194146_final.vasp
stage1,0.02,0.07,0.14288930425061253,-6.252372610618092,1,1.6195466641648548,360,1.6008830948106185,out/stage1/dE0.070/r0/GeO_Ge120O240_d3p65_En6p34_20260816n194146_final.vasp
stage1,0.02,0.07,0.13642891334373175,-6.258833001524973,1,1.6251348777178072,360,1.4971901691244769,out/stage1/dE0.070/r1/GeO_Ge120O240_d3p65_En6p34_20260816n194210_final.vasp
stage1,0.02,0.072,0.1361491066396434,-6.2591128082290615,1,1.6438238665181393,360,1.458563821606261,out/stage1/dE0.072/r0/GeO_Ge120O240_d3p65_En6p34_20260816n194320_final.vasp
stage1,0.02,0.072,0.14964248894926957,-6.245619425919435,1,1.6214545039456711,360,1.6646954794095816,out/stage1/dE0.072/r1/GeO_Ge120O240_d3p65_En6p34_20260816n194320_final.vasp
stage1,0.02,0.074,0.14166484151070158,-6.253597073358003,1,1.618308901666761,360,1.5135846087491485,out/stage1/dE0.074/r0/GeO_Ge120O240_d3p65_En6p34_20260816n194346_final.vasp
stage1,0.02,0.074,0.14763190548784166,-6.247630009380863,1,1.6276197149864067,360,1.5457873666345978,out/stage1/dE0.074/r1/GeO_Ge120O240_d3p65_En6p34_20260816n194454_final.vasp
stage1,0.02,0.076,0.14951464727442065,-6.245747267594284,1,1.6064331058641221,360,1.6214016080086555,out/stage1/dE0.076/r0/GeO_Ge120O240_d3p65_En6p34_20260816n194454_final.vasp
stage1,0.02,0.076,0.1415451178662286,-6.253716797002476,1,1.5917229749309847,360,1.60444414240315,out/stage1/dE0.076/r1/GeO_Ge120O240_d3p65_En6p34_20260816n194522_final.vasp
stage1,0.02,0.078,0.1546933308036298,-6.240568584065075,1,1.6188982504523253,360,1.6785365219204966,out/stage1/dE0.078/r0/GeO_Ge120O240_d3p65_En6p34_20260816n194629_final.vasp
stage1,0.02,0.078,0.1464742847698126,-6.248787630098892,1,1.6321520916905254,360,1.5980647417041833,out/stage1/dE0.078/r1/GeO_Ge120O240_d3p65_En6p34_20260816n194629_final.vasp
stage1,0.02,0.08,0.1577689031384386,-6.237493011730266,1,1.6193999205455434,360,1.7242378508812253,out/stage1/dE0.080/r0/GeO_Ge120O240_d3p65_En6p33_20260816n194658_final.vasp
stage1,0.02,0.08,0.14834221912131085,-6.246919695747394,1,1.6115933150694366,360,1.6551148426367077,out/stage1/dE0.080/r1/GeO_Ge120O240_d3p65_En6p33_20260816n194803_final.vasp
stage1,0.02,0.082,0.16692367679137377,-6.228338238077331,1,1.6098474509407195,360,1.7244064208432215,out/stage1/dE0.082/r0/GeO_Ge120O240_d3p65_En6p33_20260816n194803_final.vasp
stage1,0.02,0.082,0.14037259973557603,-6.254889315133129,1,1.6258492247108547,360,1.568550169190637,out/stage1/dE0.082/r1/GeO_Ge120O240_d3p65_En6p33_20260816n194835_final.vasp
stage1,0.02,0.084,0.1496623899012004,-6.2455995249675045,1,1.5920530277973497,360,1.58641648102422,out/stage1/dE0.084/r0/GeO_Ge120O240_d3p65_En6p33_20260816n194937_final.vasp
stage1,0.02,0.084,0.15634388838500612,-6.238918026483699,1,1.6147595104738726,360,1.6411026987973425,out/stage1/dE0.084/r1/GeO_Ge120O240_d3p65_En6p33_20260816n194937_final.vasp
stage1,0.02,0.086,0.16166314547282834,-6.2335987693958765,1,1.6262362938641446,360,1.7501648584616456,out/stage1/dE0.086/r0/GeO_Ge120O240_d3p65_En6p33_20260816n195010_final.vasp
stage1,0.02,0.086,0.153980406173857,-6.241281508694848,1,1.6077854048197109,360,1.6410292917505134,out/stage1/dE0.086/r1/GeO_Ge120O240_d3p65_En6p33_20260816n195115_final.vasp
stage1,0.02,0.088,0.1536921933924491,-6.241569721476256,1,1.6054872650649645,360,1.6745210226073106,out/stage1/dE0.088/r0/GeO_Ge120O240_d3p65_En6p33_20260816n195114_final.vasp
stage1,0.02,0.088,-67486486904.265205,-67486486910.66047,0,0.5265461554087524,360,1212479443280.8115,out/stage1/dE0.088/r1/GeO_Ge120O240_d3p65_En6p33_20260816n195146_final.vasp
stage1,0.02,0.09,0.1603226049399442,-6.234939309928761,1,1.6268021916421997,360,1.6432578396904014,out/stage1/dE0.090/r0/GeO_Ge120O240_d3p65_En6p32_20260816n195249_final.vasp
stage1,0.02,0.09,0.13629539101291943,-6.2589665238557854,1,1.620423645831461,360,1.5596973097241433,out/stage1/dE0.090/r1/GeO_Ge120O240_d3p65_En6p32_20260816n195249_final.vasp
stage1,0.02,0.092,0.14661750561094244,-6.248644409257762,1,1.6009182077557236,360,1.6147647357160158,out/stage1/dE0.092/r0/GeO_Ge120O240_d3p65_En6p32_20260816n195325_final.vasp
stage1,0.02,0.092,0.14807594873102214,-6.247185966137683,1,1.6208652152906624,360,1.5068792061127358,out/stage1/dE0.092/r1/GeO_Ge120O240_d3p65_En6p32_20260816n195423_final.vasp
stage1,0.02,0.094,0.15885840888454972,-6.236403505984155,1,1.6121189586512883,360,1.633961485148122,out/stage1/dE0.094/r0/GeO_Ge120O240_d3p65_En6p32_20260816n195424_final.vasp
stage1,0.02,0.094,0.15216730421322922,-6.243094610655476,1,1.637871379261517,360,1.544535351017873,out/stage1/dE0.094/r1/GeO_Ge120O240_d3p65_En6p32_20260816n195501_final.vasp
stage1,0.02,0.096,0.16109917410567576,-6.234162740763029,1,1.60398780407945,360,1.6119375929732933,out/stage1/dE0.096/r0/GeO_Ge120O240_d3p65_En6p32_20260816n195558_final.vasp
stage1,0.02,0.096,0.16155929148247505,-6.23370262338623,1,1.6217885484560455,360,1.7145197127579734,out/stage1/dE0.096/r1/GeO_Ge120O240_d3p65_En6p32_20260816n195558_final.vasp
stage1,0.02,0.098,0.14133812151781022,-6.253923793350895,1,1.6304184036871985,360,1.5614642131929597,out/stage1/dE0.098/r0/GeO_Ge120O240_d3p65_En6p32_20260816n195637_final.vasp
stage1,0.02,0.098,0.15191092460660371,-6.243350990262101,1,1.6334061637694521,360,1.699822834423721,out/stage1/dE0.098/r1/GeO_Ge120O240_d3p65_En6p32_20260816n195732_final.vasp
stage1,0.02,0.1,0.1464745243125103,-6.248787390556195,1,1.6288898247010837,360,1.5320980546736556,out/stage1/dE0.100/r0/GeO_Ge120O240_d3p65_En6p31_20260816n195733_final.vasp
stage1,0.02,0.1,0.1515685488294336,-6.243693366039271,1,1.6078794568781622,360,1.5634122134427497,out/stage1/dE0.100/r1/GeO_Ge120O240_d3p65_En6p31_20260816n195814_final.vasp
stage1_4040k,0.02,0.0,0.015951611978807456,-6.379310302889897,1,1.7121443220213028,360,0.24560795295942459,out/stage1_4040k/dE0.000/r0/GeO_Ge120O240_d3p65_En6p41_20260818n223154_final.vasp
stage1_4040k,0.02,0.0,0.010057305549202589,-6.385204609319502,1,1.7234090333447676,360,0.20998699758237158,out/stage1_4040k/dE0.000/r1/GeO_Ge120O240_d3p65_En6p41_20260818n223154_final.vasp
stage1_4040k,0.02,0.0,0.022604956378074803,-6.37265695849063,1,1.6950028756331919,360,0.29307612922956366,out/stage1_4040k/dE0.000/r2/GeO_Ge120O240_d3p65_En6p41_20260818n223214_final.vasp
stage1_4040k,0.02,0.0,0.01827661773216782,-6.376985297136537,1,1.6840124799578704,360,0.26456773890288476,out/stage1_4040k/dE0.000/r3/GeO_Ge120O240_d3p65_En6p41_20260818n223217_final.vasp
stage1_4040k,0.02,0.002,0.02215161787052633,-6.3731102969981785,1,1.7196453861831467,360,0.2262315902390951,out/stage1_4040k/dE0.002/r0/GeO_Ge120O240_d3p65_En6p41_20260818n223218_final.vasp
stage1_4040k,0.02,0.002,0.012957356676368548,-6.382304558192336,1,1.6863095974865183,360,0.24168957057597398,out/stage1_4040k/dE0.002/r1/GeO_Ge120O240_d3p65_En6p41_20260818n223220_final.vasp
stage1_4040k,0.02,0.002,0.007599527044302334,-6.3876623878244025,1,1.69891892006651,360,0.23708628440845625,out/stage1_4040k/dE0.002/r2/GeO_Ge120O240_d3p65_En6p41_20260818n223220_final.vasp
stage1_4040k,0.02,0.002,0.003905428652180909,-6.391356486216524,1,1.7199043843048198,360,0.2156352075825041,out/stage1_4040k/dE0.002/r3/GeO_Ge120O240_d3p65_En6p41_20260818n223225_final.vasp
stage1_4040k,0.02,0.004,0.006908286712854483,-6.38835362815585,1,1.7136830445188698,360,0.23641729354978228,out/stage1_4040k/dE0.004/r0/GeO_Ge120O240_d3p65_En6p41_20260818n223225_final.vasp
stage1_4040k,0.02,0.004,0.010079475856586306,-6.385182439012119,1,1.7309779428192584,360,0.20543634663122148,out/stage1_4040k/dE0.004/r1/GeO_Ge120O240_d3p65_En6p41_20260818n223245_final.vasp
stage1_4040k,0.02,0.004,0.01705821596322643,-6.3782036989054784,1,1.7019231962868422,360,0.24051772179924105,out/stage1_4040k/dE0.004/r2/GeO_Ge120O240_d3p65_En6p41_20260818n223248_final.vasp
stage1_4040k,0.02,0.004,0.015553037170390915,-6.379708877698314,1,1.7113382695536545,360,0.2535837213235613,out/stage1_4040k/dE0.004/r3/GeO_Ge120O240_d3p65_En6p41_20260818n223249_final.vasp
stage1_4040k,0.02,0.006,0.014227482898471422,-6.3810344319702335,1,1.7088473084258853,360,0.2242496395141943,out/stage1_4040k/dE0.006/r0/GeO_Ge120O240_d3p65_En6p41_20260818n223251_final.vasp
stage1_4040k,0.02,0.006,0.021397538271430427,-6.3738643765972745,1,1.709458152897076,360,0.2531179327020255,out/stage1_4040k/dE0.006/r1/GeO_Ge120O240_d3p65_En6p41_20260818n223252_final.vasp
stage1_4040k,0.02,0.006,0.01810608511575129,-6.377155829752954,1,1.7208417518177088,360,0.2517899402218522,out/stage1_4040k/dE0.006/r2/GeO_Ge120O240_d3p65_En6p41_20260818n223255_final.vasp
stage1_4040k,0.02,0.006,0.01740325059928516,-6.37785866426942,1,1.7181675830930747,360,0.22051742213328984,out/stage1_4040k/dE0.006/r3/GeO_Ge120O240_d3p65_En6p41_20260818n223256_final.vasp
stage1_4040k,0.02,0.008,0.017175175793212816,-6.378086739075492,1,1.7132653860051983,360,0.23171802440629624,out/stage1_4040k/dE0.008/r0/GeO_Ge120O240_d3p65_En6p41_20260818n223256_final.vasp
stage1_4040k,0.02,0.008,0.014334793269822121,-6.380927121598883,1,1.6852086917579268,360,0.24906418608818445,out/stage1_4040k/dE0.008/r1/GeO_Ge120O240_d3p65_En6p41_20260818n223257_final.vasp
stage1_4040k,0.02,0.008,0.014255368292286796,-6.381006546576418,1,1.7180629691546927,360,0.24620400402107456,out/stage1_4040k/dE0.008/r2/GeO_Ge120O240_d3p65_En6p41_20260818n223259_final.vasp
stage1_4040k,0.02,0.008,0.009576257065021743,-6.385685657803683,1,1.6628913787209976,360,0.21822468288149344,out/stage1_4040k/dE0.008/r3/GeO_Ge120O240_d3p65_En6p41_20260818n223315_final.vasp
stage1_4040k,0.02,0.01,0.016531210879597857,-6.378730703989107,1,1.7139340996014525,360,0.2373897769936483,out/stage1_4040k/dE0.010/r0/GeO_Ge120O240_d3p65_En6p40_20260818n223319_final.vasp
stage1_4040k,0.02,0.01,0.012479195558856127,-6.382782719309849,1,1.7135506577004214,360,0.21923837701792911,out/stage1_4040k/dE0.010/r1/GeO_Ge120O240_d3p65_En6p40_20260818n223320_final.vasp
stage1_4040k,0.02,0.01,0.021398714059181145,-6.373863200809524,1,1.725183648904096,360,0.2571329194022558,out/stage1_4040k/dE0.010/r2/GeO_Ge120O240_d3p65_En6p40_20260818n223323_final.vasp
stage1_4040k,0.02,0.01,0.02073564934880423,-6.374526265519901,1,1.7047966351260144,360,0.27064067929018576,out/stage1_4040k/dE0.010/r3/GeO_Ge120O240_d3p65_En6p40_20260818n223323_final.vasp
stage1_4040k,0.02,0.012,0.012780974640995701,-6.382480940227709,1,1.7058187885517815,360,0.22462164470429388,out/stage1_4040k/dE0.012/r0/GeO_Ge120O240_d3p65_En6p40_20260818n223326_final.vasp
stage1_4040k,0.02,0.012,0.003835337835802477,-6.391426577032902,1,1.7150558383279102,360,0.218368533113372,out/stage1_4040k/dE0.012/r1/GeO_Ge120O240_d3p65_En6p40_20260818n223328_final.vasp
stage1_4040k,0.02,0.012,0.013822646241409053,-6.381439268627296,1,1.704370256361175,360,0.21005892000517884,out/stage1_4040k/dE0.012/r2/GeO_Ge120O240_d3p65_En6p40_20260818n223346_final.vasp
stage1_4040k,0.02,0.012,0.02403002122883624,-6.371231893639869,1,1.7179335163701874,360,0.2661503511594117,out/stage1_4040k/dE0.012/r3/GeO_Ge120O240_d3p65_En6p40_20260818n223350_final.vasp
stage1_4040k,0.02,0.014,0.017140169907421843,-6.378121744961283,1,1.7152093216311266,360,0.19605210518783173,out/stage1_4040k/dE0.014/r0/GeO_Ge120O240_d3p65_En6p40_20260818n223351_final.vasp
stage1_4040k,0.02,0.014,0.011457728486676366,-6.3838041863820285,1,1.719478610047958,360,0.21163218221892308,out/stage1_4040k/dE0.014/r1/GeO_Ge120O240_d3p65_En6p40_20260818n223354_final.vasp
stage1_4040k,0.02,0.014,0.007595949852899686,-6.387665965015805,1,1.7201362106064364,360,0.23170384835364963,out/stage1_4040k/dE0.014/r2/GeO_Ge120O240_d3p65_En6p40_20260818n223354_final.vasp
stage1_4040k,0.02,0.014,0.009421932602429628,-6.385839982266275,1,1.7218749360603123,360,0.1923448014960314,out/stage1_4040k/dE0.014/r3/GeO_Ge120O240_d3p65_En6p40_20260818n223357_final.vasp
stage1_4040k,0.02,0.016,0.01560603647560832,-6.379655878393097,1,1.7228717598283387,360,0.22106433045791385,out/stage1_4040k/dE0.016/r0/GeO_Ge120O240_d3p65_En6p40_20260818n223359_final.vasp
stage1_4040k,0.02,0.016,0.026701926230959572,-6.368559988637745,1,1.6876914015436153,360,0.24869075713971042,out/stage1_4040k/dE0.016/r1/GeO_Ge120O240_d3p65_En6p40_20260818n223416_final.vasp
stage1_4040k,0.02,0.016,0.008515594160043882,-6.386746320708661,1,1.7096198481619682,360,0.22653580597800885,out/stage1_4040k/dE0.016/r2/GeO_Ge120O240_d3p65_En6p40_20260818n223421_final.vasp
stage1_4040k,0.02,0.016,0.010395227013913377,-6.3848666878547915,1,1.6906806901618552,360,0.24403432444673182,out/stage1_4040k/dE0.016/r3/GeO_Ge120O240_d3p65_En6p40_20260818n223422_final.vasp
stage1_4040k,0.02,0.018,0.014550006035581653,-6.380711908833123,1,1.7237074775604468,360,0.2359107981579139,out/stage1_4040k/dE0.018/r0/GeO_Ge120O240_d3p65_En6p40_20260818n223425_final.vasp
stage1_4040k,0.02,0.018,0.015895285191881214,-6.379366629676824,1,1.6542300887065906,360,0.20585844687849128,out/stage1_4040k/dE0.018/r1/GeO_Ge120O240_d3p65_En6p40_20260818n223425_final.vasp
stage1_4040k,0.02,0.018,0.014770169904289254,-6.380491744964416,1,1.6963626089374684,360,0.22306979246311914,out/stage1_4040k/dE0.018/r2/GeO_Ge120O240_d3p65_En6p40_20260818n223428_final.vasp
stage1_4040k,0.02,0.018,0.009812688026697103,-6.385449226842008,1,1.723496551972551,360,0.19707861885681457,out/stage1_4040k/dE0.018/r3/GeO_Ge120O240_d3p65_En6p40_20260818n223430_final.vasp
stage1_4040k,0.02,0.02,0.00789899418311979,-6.387362920685585,1,1.7116406825723236,360,0.20913382137557723,out/stage1_4040k/dE0.020/r0/GeO_Ge120O240_d3p65_En6p39_20260818n223436_final.vasp
stage1_4040k,0.02,0.02,0.014630471582476545,-6.380631443286228,1,1.7174740832789048,360,0.20276978618918517,out/stage1_4040k/dE0.020/r1/GeO_Ge120O240_d3p65_En6p39_20260818n223435_final.vasp
stage1_4040k,0.02,0.02,0.01640097308782895,-6.378860941780876,1,1.65029682390711,360,0.2047348238317868,out/stage1_4040k/dE0.020/r2/GeO_Ge120O240_d3p65_En6p39_20260818n223436_final.vasp
stage1_4040k,0.02,0.02,0.01121163328337449,-6.38405028158533,1,1.7180974687151085,360,0.1976629502888944,out/stage1_4040k/dE0.020/r3/GeO_Ge120O240_d3p65_En6p39_20260818n223447_final.vasp
stage1_4040k,0.02,0.022,0.011623379471707551,-6.383638535396997,1,1.712631827977546,360,0.2504749432851584,out/stage1_4040k/dE0.022/r0/GeO_Ge120O240_d3p65_En6p39_20260818n223451_final.vasp
stage1_4040k,0.02,0.022,0.008370418323998763,-6.386891496544706,1,1.7144968143781758,360,0.21325859001760017,out/stage1_4040k/dE0.022/r1/GeO_Ge120O240_d3p65_En6p39_20260818n223453_final.vasp
stage1_4040k,0.02,0.022,0.023317183021513088,-6.371944731847192,1,1.7125744324530419,360,0.22732478331645184,out/stage1_4040k/dE0.022/r2/GeO_Ge120O240_d3p65_En6p39_20260818n223456_final.vasp
stage1_4040k,0.02,0.022,0.01760756775974226,-6.377654347108963,1,1.7204518971969691,360,0.24599130650065543,out/stage1_4040k/dE0.022/r3/GeO_Ge120O240_d3p65_En6p39_20260818n223457_final.vasp
stage1_4040k,0.02,0.024,0.012054113593302773,-6.383207801275402,1,1.7119606186548388,360,0.22044144695706883,out/stage1_4040k/dE0.024/r0/GeO_Ge120O240_d3p65_En6p39_20260818n223459_final.vasp
stage1_4040k,0.02,0.024,0.017800646391574304,-6.377461268477131,1,1.7058248796248132,360,0.2269239465161302,out/stage1_4040k/dE0.024/r1/GeO_Ge120O240_d3p65_En6p39_20260818n223501_final.vasp
stage1_4040k,0.02,0.024,0.018434845164841285,-6.376827069703864,1,1.7242868644384781,360,0.21820462714820524,out/stage1_4040k/dE0.024/r2/GeO_Ge120O240_d3p65_En6p39_20260818n223518_final.vasp
stage1_4040k,0.02,0.024,0.012505883105157878,-6.382756031763547,1,1.7052468893411938,360,0.22330613677861996,out/stage1_4040k/dE0.024/r3/GeO_Ge120O240_d3p65_En6p39_20260818n223522_final.vasp
stage1_4040k,0.02,0.026,0.01934579999849184,-6.375916114870213,1,1.700989239447652,360,0.20688244184062082,out/stage1_4040k/dE0.026/r0/GeO_Ge120O240_d3p65_En6p39_20260818n223523_final.vasp
stage1_4040k,0.02,0.026,0.016478464400946358,-6.3787834504677585,1,1.6991842013873149,360,0.22575317305678438,out/stage1_4040k/dE0.026/r1/GeO_Ge120O240_d3p65_En6p39_20260818n223527_final.vasp
stage1_4040k,0.02,0.026,0.011749180111324975,-6.38351273475738,1,1.711631694361534,360,0.2011264634877863,out/stage1_4040k/dE0.026/r2/GeO_Ge120O240_d3p65_En6p39_20260818n223528_final.vasp
stage1_4040k,0.02,0.026,0.014297152060215979,-6.380964762808489,1,1.7174465134382286,360,0.2214385847865733,out/stage1_4040k/dE0.026/r3/GeO_Ge120O240_d3p65_En6p39_20260818n223530_final.vasp
stage1_4040k,0.02,0.028,0.020491150219198673,-6.374770764649506,1,1.6966698507240816,360,0.2793890838098906,out/stage1_4040k/dE0.028/r0/GeO_Ge120O240_d3p65_En6p39_20260818n223533_final.vasp
stage1_4040k,0.02,0.028,0.0221465417550899,-6.373115373113615,1,1.7039350956764714,360,0.2339683679167726,out/stage1_4040k/dE0.028/r1/GeO_Ge120O240_d3p65_En6p39_20260818n223549_final.vasp
stage1_4040k,0.02,0.028,0.0064060502313365575,-6.388855864637368,1,1.704096267116769,360,0.23007805067694354,out/stage1_4040k/dE0.028/r2/GeO_Ge120O240_d3p65_En6p39_20260818n223553_final.vasp
stage1_4040k,0.02,0.028,0.021776679266586108,-6.373485235602119,1,1.712418880497323,360,0.23282933559782917,out/stage1_4040k/dE0.028/r3/GeO_Ge120O240_d3p65_En6p39_20260818n223554_final.vasp
stage1_4040k,0.02,0.03,0.014668293311751235,-6.380593621556954,1,1.6928892010279766,360,0.24976474218497607,out/stage1_4040k/dE0.030/r0/GeO_Ge120O240_d3p65_En6p38_20260818n223559_final.vasp
stage1_4040k,0.02,0.03,0.02077398680230491,-6.3744879280664,1,1.7238117337093657,360,0.2508208608885024,out/stage1_4040k/dE0.030/r1/GeO_Ge120O240_d3p65_En6p38_20260818n223559_final.vasp
stage1_4040k,0.02,0.03,0.015803610045881378,-6.3794583048228235,1,1.7128098903708129,360,0.2438003982010561,out/stage1_4040k/dE0.030/r2/GeO_Ge120O240_d3p65_En6p38_20260818n223600_final.vasp
stage1_4040k,0.02,0.03,0.02260936974326988,-6.372652545125435,1,1.6925910797975607,360,0.24205804398943848,out/stage1_4040k/dE0.030/r3/GeO_Ge120O240_d3p65_En6p38_20260818n223604_final.vasp
stage1_4040k,0.02,0.032,0.02029264937995201,-6.374969265488753,1,1.718878415360944,360,0.2176044593948868,out/stage1_4040k/dE0.032/r0/GeO_Ge120O240_d3p65_En6p38_20260818n223615_final.vasp
stage1_4040k,0.02,0.032,0.021272694321198493,-6.373989220547506,1,1.7019163492847746,360,0.21488365249561492,out/stage1_4040k/dE0.032/r1/GeO_Ge120O240_d3p65_En6p38_20260818n223615_final.vasp
stage1_4040k,0.02,0.032,0.015553636127783932,-6.379708278740921,1,1.7060787227123324,360,0.22624530026403825,out/stage1_4040k/dE0.032/r2/GeO_Ge120O240_d3p65_En6p38_20260818n223615_final.vasp
stage1_4040k,0.02,0.032,0.018560187722633792,-6.376701727146071,1,1.6748038894639534,360,0.21775352329289988,out/stage1_4040k/dE0.032/r3/GeO_Ge120O240_d3p65_En6p38_20260818n223619_final.vasp
stage1_4040k,0.02,0.034,0.022293123391710523,-6.372968791476994,1,1.7076629628248663,360,0.2372301900459893,out/stage1_4040k/dE0.034/r0/GeO_Ge120O240_d3p65_En6p38_20260818n223624_final.vasp
stage1_4040k,0.02,0.034,0.014220290869719321,-6.381041623998986,1,1.7055902489000485,360,0.3244520397420878,out/stage1_4040k/dE0.034/r1/GeO_Ge120O240_d3p65_En6p38_20260818n223625_final.vasp
stage1_4040k,0.02,0.034,0.016445141324213708,-6.378816773544491,1,1.7056083596578202,360,0.20930777998256786,out/stage1_4040k/dE0.034/r2/GeO_Ge120O240_d3p65_En6p38_20260818n223630_final.vasp
stage1_4040k,0.02,0.034,0.014723441718104802,-6.3805384731506,1,1.69566105897235,360,0.21849924632141812,out/stage1_4040k/dE0.034/r3/GeO_Ge120O240_d3p65_En6p38_20260818n223631_final.vasp
stage1_4040k,0.02,0.036,0.01858217611165358,-6.376679738757051,1,1.72038235242479,360,0.26019605789491806,out/stage1_4040k/dE0.036/r0/GeO_Ge120O240_d3p65_En6p38_20260818n223631_final.vasp
stage1_4040k,0.02,0.036,0.02093575730913244,-6.374326157559572,1,1.7175877506058073,360,0.21805582294150253,out/stage1_4040k/dE0.036/r1/GeO_Ge120O240_d3p65_En6p38_20260818n223635_final.vasp
stage1_4040k,0.02,0.036,0.02308006007800678,-6.372181854790698,1,1.6924459525572821,360,0.3302973950690392,out/stage1_4040k/dE0.036/r2/GeO_Ge120O240_d3p65_En6p38_20260818n223650_final.vasp
stage1_4040k,0.02,0.036,0.028009043977644588,-6.36725287089106,1,1.7236303021103896,360,0.28656451300192515,out/stage1_4040k/dE0.036/r3/GeO_Ge120O240_d3p65_En6p38_20260818n223655_final.vasp
stage1_4040k,0.02,0.038,0.013268110853338122,-6.381993804015367,1,1.7225704844577336,360,0.21795194188635875,out/stage1_4040k/dE0.038/r0/GeO_Ge120O240_d3p65_En6p38_20260818n223656_final.vasp
stage1_4040k,0.02,0.038,0.006950830033315647,-6.388311084835389,1,1.716368193634133,360,0.21520662518430925,out/stage1_4040k/dE0.038/r1/GeO_Ge120O240_d3p65_En6p38_20260818n223702_final.vasp
stage1_4040k,0.02,0.038,0.02216691361319878,-6.373095001255506,1,1.6735850153747198,360,0.3446963300182342,out/stage1_4040k/dE0.038/r2/GeO_Ge120O240_d3p65_En6p38_20260818n223702_final.vasp
stage1_4040k,0.02,0.038,0.0050857986098220564,-6.390176116258883,1,1.7131502884353362,360,0.18074787591559327,out/stage1_4040k/dE0.038/r3/GeO_Ge120O240_d3p65_En6p38_20260818n223702_final.vasp
stage1_4040k,0.02,0.04,0.013382604251763297,-6.381879310616942,1,1.7058665307469212,360,0.19227924704841212,out/stage1_4040k/dE0.040/r0/GeO_Ge120O240_d3p65_En6p37_20260818n223707_final.vasp
stage1_4040k,0.02,0.04,0.013833339829971258,-6.381428575038734,1,1.7167876096580825,360,0.20532090515233536,out/stage1_4040k/dE0.040/r1/GeO_Ge120O240_d3p65_En6p37_20260818n223721_final.vasp
stage1_4040k,0.02,0.04,0.01989446204243084,-6.375367452826274,1,1.702359358320207,360,0.3979232021671756,out/stage1_4040k/dE0.040/r2/GeO_Ge120O240_d3p65_En6p37_20260818n223726_final.vasp
stage1_4040k,0.02,0.04,0.028098360949253554,-6.367163553919451,1,1.6910550587261273,360,0.4508504992179081,out/stage1_4040k/dE0.040/r3/GeO_Ge120O240_d3p65_En6p37_20260818n223727_final.vasp
stage1_4040k,0.02,0.042,0.003756315039169955,-6.391505599829535,1,1.7167441535614096,360,0.19359467115472773,out/stage1_4040k/dE0.042/r0/GeO_Ge120O240_d3p65_En6p37_20260818n223733_final.vasp
stage1_4040k,0.02,0.042,0.014885724967417246,-6.380376189901288,1,1.7202954671208674,360,0.21241666131857184,out/stage1_4040k/dE0.042/r1/GeO_Ge120O240_d3p65_En6p37_20260818n223733_final.vasp
stage1_4040k,0.02,0.042,0.014629361103762228,-6.380632553764943,1,1.7034086925884067,360,0.23206300886164524,out/stage1_4040k/dE0.042/r2/GeO_Ge120O240_d3p65_En6p37_20260818n223733_final.vasp
stage1_4040k,0.02,0.042,0.013268692832228979,-6.381993222036476,1,1.706167724213952,360,0.2041581685443768,out/stage1_4040k/dE0.042/r3/GeO_Ge120O240_d3p65_En6p37_20260818n223738_final.vasp
stage1_4040k,0.02,0.044,0.013566043786772397,-6.3816958710819325,1,1.7370620179608858,360,0.24359935648973838,out/stage1_4040k/dE0.044/r0/GeO_Ge120O240_d3p65_En6p37_20260818n223752_final.vasp
stage1_4040k,0.02,0.044,0.02206095871806113,-6.373200956150644,1,1.6834070515836561,360,0.4918788852705512,out/stage1_4040k/dE0.044/r1/GeO_Ge120O240_d3p65_En6p37_20260818n223751_final.vasp
stage1_4040k,0.02,0.044,0.02341233076640581,-6.371849584102299,1,1.6828137817043405,360,0.4946076946792988,out/stage1_4040k/dE0.044/r2/GeO_Ge120O240_d3p65_En6p37_20260818n223751_final.vasp
stage1_4040k,0.02,0.044,0.013896838851850113,-6.381365076016855,1,1.700701196339551,360,0.19595359850923827,out/stage1_4040k/dE0.044/r3/GeO_Ge120O240_d3p65_En6p37_20260818n223754_final.vasp
stage1_4040k,0.02,0.046,0.05670416639700182,-6.338557748471703,1,1.669805804632981,360,0.8383238183468908,out/stage1_4040k/dE0.046/r0/GeO_Ge120O240_d3p65_En6p37_20260818n223757_final.vasp
stage1_4040k,0.02,0.046,0.059823438595628886,-6.335438476273076,1,1.671642990451423,360,0.8970745076057596,out/stage1_4040k/dE0.046/r1/GeO_Ge120O240_d3p65_En6p37_20260818n223757_final.vasp
stage1_4040k,0.02,0.046,0.06547843036965784,-6.329783484499047,1,1.6680623610316518,360,0.9285676613743999,out/stage1_4040k/dE0.046/r2/GeO_Ge120O240_d3p65_En6p37_20260818n223804_final.vasp
stage1_4040k,0.02,0.046,0.045887946582404915,-6.3493739682863,1,1.6652182383202305,360,0.7878536327544248,out/stage1_4040k/dE0.046/r3/GeO_Ge120O240_d3p65_En6p37_20260818n223805_final.vasp
stage1_4040k,0.02,0.048,0.06595386466339903,-6.329308050205306,1,1.6683773705958478,360,0.9711905333901771,out/stage1_4040k/dE0.048/r0/GeO_Ge120O240_d3p65_En6p37_20260818n223804_final.vasp
stage1_4040k,0.02,0.048,0.014074004728882095,-6.381187910139823,1,1.6972710843755496,360,0.3589960875692431,out/stage1_4040k/dE0.048/r1/GeO_Ge120O240_d3p65_En6p37_20260818n223810_final.vasp
stage1_4040k,0.02,0.048,0.0663870495090979,-6.328874865359607,1,1.6535103153515567,360,1.060274197668334,out/stage1_4040k/dE0.048/r2/GeO_Ge120O240_d3p65_En6p37_20260818n223823_final.vasp
stage1_4040k,0.02,0.048,0.06546136299498961,-6.329800551873715,1,1.6499674271911884,360,0.9837418004776372,out/stage1_4040k/dE0.048/r3/GeO_Ge120O240_d3p65_En6p37_20260818n223827_final.vasp
stage1_4040k,0.02,0.05,0.04423659428760285,-6.351025320581102,1,1.6676899579751834,360,0.6899242733869422,out/stage1_4040k/dE0.050/r0/GeO_Ge120O240_d3p65_En6p36_20260818n223828_final.vasp
stage1_4040k,0.02,0.05,0.07002857080270442,-6.3252333440660005,1,1.6647424658868895,360,1.0826657727833415,out/stage1_4040k/dE0.050/r1/GeO_Ge120O240_d3p65_En6p36_20260818n223835_final.vasp
stage1_4040k,0.02,0.05,0.015030282794690208,-6.380231632074015,1,1.7075366267136174,360,0.2100970251318127,out/stage1_4040k/dE0.050/r2/GeO_Ge120O240_d3p65_En6p36_20260818n223835_final.vasp
stage1_4040k,0.02,0.05,0.034354801860706274,-6.360907113007999,1,1.6671840957695956,360,0.5357607422603654,out/stage1_4040k/dE0.050/r3/GeO_Ge120O240_d3p65_En6p36_20260818n223836_final.vasp
stage1_4040k,0.02,0.052,0.06609550703094413,-6.329166407837761,1,1.6491390841263922,360,1.0772190372016603,out/stage1_4040k/dE0.052/r0/GeO_Ge120O240_d3p65_En6p36_20260818n223841_final.vasp
stage1_4040k,0.02,0.052,0.046848781685930874,-6.348413133182774,1,1.653686302562449,360,0.8064813999454961,out/stage1_4040k/dE0.052/r1/GeO_Ge120O240_d3p65_En6p36_20260818n223853_final.vasp
stage1_4040k,0.02,0.052,0.01692090280718439,-6.3783410120615205,1,1.714088527865114,360,0.2620024528368248,out/stage1_4040k/dE0.052/r2/GeO_Ge120O240_d3p65_En6p36_20260818n223858_final.vasp
stage1_4040k,0.02,0.052,0.05896168786408662,-6.336300227004618,1,1.64962654090381,360,0.9884089087685894,out/stage1_4040k/dE0.052/r3/GeO_Ge120O240_d3p65_En6p36_20260818n223859_final.vasp
stage1_4040k,0.02,0.054,0.08005715095781607,-6.315204763910889,1,1.6453791569155238,360,1.0765329302918105,out/stage1_4040k/dE0.054/r0/GeO_Ge120O240_d3p65_En6p36_20260818n223906_final.vasp
stage1_4040k,0.02,0.054,0.06490172705202468,-6.33036018781668,1,1.6582712818093004,360,0.9421773116680172,out/stage1_4040k/dE0.054/r1/GeO_Ge120O240_d3p65_En6p36_20260818n223907_final.vasp
stage1_4040k,0.02,0.054,0.07172802288698144,-6.323533891981723,1,1.639240744464079,360,1.0150621103258286,out/stage1_4040k/dE0.054/r2/GeO_Ge120O240_d3p65_En6p36_20260818n223907_final.vasp
stage1_4040k,0.02,0.054,0.08106507296843724,-6.314196841900268,1,1.6462297262063381,360,1.0342221211674092,out/stage1_4040k/dE0.054/r3/GeO_Ge120O240_d3p65_En6p36_20260818n223912_final.vasp
stage1_4040k,0.02,0.056,0.020261171665494793,-6.37500074320321,1,1.7300681608871191,360,0.26260454438925634,out/stage1_4040k/dE0.056/r0/GeO_Ge120O240_d3p65_En6p36_20260818n223924_final.vasp
stage1_4040k,0.02,0.056,0.03749409757464761,-6.357767817294057,1,1.6736078715265814,360,0.7603290505449812,out/stage1_4040k/dE0.056/r1/GeO_Ge120O240_d3p65_En6p36_20260818n223928_final.vasp
stage1_4040k,0.02,0.056,0.010426219954409177,-6.384835694914296,1,1.7134707386753993,360,0.21409032778251622,out/stage1_4040k/dE0.056/r2/GeO_Ge120O240_d3p65_En6p36_20260818n223929_final.vasp
stage1_4040k,0.02,0.056,0.07494755790524099,-6.320314356963464,1,1.6279702315577387,360,1.1185718729073473,out/stage1_4040k/dE0.056/r3/GeO_Ge120O240_d3p65_En6p36_20260818n223930_final.vasp
stage1_4040k,0.02,0.058,0.08756163097892689,-6.307700283889778,1,1.6464627148064843,360,1.1342142227544736,out/stage1_4040k/dE0.058/r0/GeO_Ge120O240_d3p65_En6p36_20260818n223930_final.vasp
stage1_4040k,0.02,0.058,0.06339417711668816,-6.331867737752017,1,1.6553758220415395,360,0.9826180407980596,out/stage1_4040k/dE0.058/r1/GeO_Ge120O240_d3p65_En6p36_20260818n223932_final.vasp
stage1_4040k,0.02,0.058,0.05959922558689623,-6.335662689281809,1,1.6695267280940391,360,0.9140814758681609,out/stage1_4040k/dE0.058/r2/GeO_Ge120O240_d3p65_En6p36_20260818n223937_final.vasp
stage1_4040k,0.02,0.058,0.019301337185323675,-6.375960577683381,1,1.7100630811090034,360,0.24204891118912839,out/stage1_4040k/dE0.058/r3/GeO_Ge120O240_d3p65_En6p36_20260818n223938_final.vasp
stage1_4040k,0.02,0.06,0.06467075848812787,-6.330591156380577,1,1.664306368972394,360,0.8922061651586812,out/stage1_4040k/dE0.060/r0/GeO_Ge120O240_d3p65_En6p35_20260818n223939_final.vasp
stage1_4040k,0.02,0.06,0.07726184493395838,-6.3180000699347465,1,1.6302117103642944,360,1.0508697124227062,out/stage1_4040k/dE0.060/r1/GeO_Ge120O240_d3p65_En6p35_20260818n223944_final.vasp
stage1_4040k,0.02,0.06,0.07237496062187976,-6.322886954246825,1,1.6648390846308567,360,1.1443475437437114,out/stage1_4040k/dE0.060/r2/GeO_Ge120O240_d3p65_En6p35_20260818n223955_final.vasp
stage1_4040k,0.02,0.06,0.0657075327639518,-6.329554382104753,1,1.645320823626619,360,1.0011265508137446,out/stage1_4040k/dE0.060/r3/GeO_Ge120O240_d3p65_En6p35_20260818n224001_final.vasp
stage1_4040k,0.02,0.062,0.04993468506368437,-6.3453272298050205,1,1.6779779455951207,360,0.7191694406684966,out/stage1_4040k/dE0.062/r0/GeO_Ge120O240_d3p65_En6p35_20260818n224001_final.vasp
stage1_4040k,0.02,0.062,0.04508505880602609,-6.350176856062679,1,1.6697980487295045,360,0.7330462425007261,out/stage1_4040k/dE0.062/r1/GeO_Ge120O240_d3p65_En6p35_20260818n224008_final.vasp
stage1_4040k,0.02,0.062,0.07016189098148562,-6.325100023887219,1,1.647259045307715,360,0.9912492997152632,out/stage1_4040k/dE0.062/r2/GeO_Ge120O240_d3p65_En6p35_20260818n224010_final.vasp
stage1_4040k,0.02,0.062,0.017609580681114956,-6.37765233418759,1,1.701536998352827,360,0.2781147789088454,out/stage1_4040k/dE0.062/r3/GeO_Ge120O240_d3p65_En6p35_20260818n224010_final.vasp
stage1_4040k,0.02,0.064,0.026634784268090073,-6.368627130600615,1,1.6909969702675873,360,0.3385977222478317,out/stage1_4040k/dE0.064/r0/GeO_Ge120O240_d3p65_En6p35_20260818n224016_final.vasp
stage1_4040k,0.02,0.064,0.01768412667704755,-6.377577788191657,1,1.6988432322901268,360,0.23547420081406828,out/stage1_4040k/dE0.064/r1/GeO_Ge120O240_d3p65_En6p35_20260818n224026_final.vasp
stage1_4040k,0.02,0.064,0.05484264683905771,-6.340419268029647,1,1.666655191896659,360,0.886345265940312,out/stage1_4040k/dE0.064/r2/GeO_Ge120O240_d3p65_En6p35_20260818n224032_final.vasp
stage1_4040k,0.02,0.064,0.06143641749109641,-6.3338254973776085,1,1.646915856069873,360,0.9681442194234755,out/stage1_4040k/dE0.064/r3/GeO_Ge120O240_d3p65_En6p35_20260818n224032_final.vasp
stage1_4040k,0.02,0.066,0.02940951828757843,-6.3658523965811264,1,1.7188422264440923,360,0.3257271165937527,out/stage1_4040k/dE0.066/r0/GeO_Ge120O240_d3p65_En6p35_20260818n224039_final.vasp
stage1_4040k,0.02,0.066,0.06590397800575154,-6.329357936862953,1,1.6616374762919297,360,0.9453855580121264,out/stage1_4040k/dE0.066/r1/GeO_Ge120O240_d3p65_En6p35_20260818n224041_final.vasp
stage1_4040k,0.02,0.066,0.0910374383232524,-6.3042244765454525,1,1.656103163542588,360,1.2370093740065853,out/stage1_4040k/dE0.066/r2/GeO_Ge120O240_d3p65_En6p35_20260818n224042_final.vasp
stage1_4040k,0.02,0.066,0.05790788775329503,-6.33735402711541,1,1.6541535986979332,360,0.8671158533826612,out/stage1_4040k/dE0.066/r3/GeO_Ge120O240_d3p65_En6p35_20260818n224047_final.vasp
stage1_4040k,0.02,0.068,0.04145901011512976,-6.353802904753575,1,1.6811567688259594,360,0.7659751243058066,out/stage1_4040k/dE0.068/r0/GeO_Ge120O240_d3p65_En6p35_20260818n224057_final.vasp
stage1_4040k,0.02,0.068,0.02401528070285064,-6.371246634165854,1,1.6572010215844952,360,0.30133271834519076,out/stage1_4040k/dE0.068/r1/GeO_Ge120O240_d3p65_En6p35_20260818n224103_final.vasp
stage1_4040k,0.02,0.068,0.06463151910498777,-6.330630395763717,1,1.6651548577852588,360,0.9970266031340306,out/stage1_4040k/dE0.068/r2/GeO_Ge120O240_d3p65_En6p35_20260818n224103_final.vasp
stage1_4040k,0.02,0.068,0.05467927718820054,-6.340582637680504,1,1.6633012926849835,360,0.8101897752226205,out/stage1_4040k/dE0.068/r3/GeO_Ge120O240_d3p65_En6p35_20260818n224105_final.vasp
stage1_4040k,0.02,0.07,0.06860412357386192,-6.326657791294843,1,1.6492935536899778,360,0.9501665973979491,out/stage1_4040k/dE0.070/r0/GeO_Ge120O240_d3p65_En6p34_20260818n224107_final.vasp
stage1_4040k,0.02,0.07,0.05302397707932105,-6.342237937789384,1,1.6759198014023668,360,0.7620781488687659,out/stage1_4040k/dE0.070/r1/GeO_Ge120O240_d3p65_En6p34_20260818n224109_final.vasp
stage1_4040k,0.02,0.07,0.06443774807887692,-6.330824166789828,1,1.654374902770738,360,1.0162707483632614,out/stage1_4040k/dE0.070/r2/GeO_Ge120O240_d3p65_En6p34_20260818n224110_final.vasp
stage1_4040k,0.02,0.07,0.024358728791489703,-6.370903186077215,1,1.7179523755984942,360,0.21240681611845696,out/stage1_4040k/dE0.070/r3/GeO_Ge120O240_d3p65_En6p34_20260818n224117_final.vasp
stage1_4040k,0.02,0.072,0.01472168252595285,-6.380540232342752,1,1.7137074771791807,360,0.21026593498340923,out/stage1_4040k/dE0.072/r0/GeO_Ge120O240_d3p65_En6p34_20260818n224117_final.vasp
stage1_4040k,0.02,0.072,0.02138965496529366,-6.373872259903411,1,1.7216581577450472,360,0.22738199827149028,out/stage1_4040k/dE0.072/r1/GeO_Ge120O240_d3p65_En6p34_20260818n224120_final.vasp
stage1_4040k,0.02,0.072,0.015620567678010566,-6.379641347190694,1,1.7253486046245647,360,0.20715784722084063,out/stage1_4040k/dE0.072/r2/GeO_Ge120O240_d3p65_En6p34_20260818n224128_final.vasp
stage1_4040k,0.02,0.072,0.007071964540513065,-6.388189950328192,1,1.7300689847066915,360,0.21852829974867335,out/stage1_4040k/dE0.072/r3/GeO_Ge120O240_d3p65_En6p34_20260818n224134_final.vasp
stage1_4040k,0.02,0.074,0.054585793094665824,-6.340676121774039,1,1.6485203920342777,360,0.8904167241445636,out/stage1_4040k/dE0.074/r0/GeO_Ge120O240_d3p65_En6p34_20260818n224134_final.vasp
stage1_4040k,0.02,0.074,0.06300679158872668,-6.332255123279978,1,1.6445411314983986,360,0.9748813687781223,out/stage1_4040k/dE0.074/r1/GeO_Ge120O240_d3p65_En6p34_20260818n224141_final.vasp
stage1_4040k,0.02,0.074,0.027806075844715394,-6.3674558390239895,1,1.682044971375877,360,0.3780228362080109,out/stage1_4040k/dE0.074/r2/GeO_Ge120O240_d3p65_En6p34_20260818n224150_final.vasp
stage1_4040k,0.02,0.074,0.018760326827209184,-6.376501588041496,1,1.6994599291028611,360,0.2293037009813428,out/stage1_4040k/dE0.074/r3/GeO_Ge120O240_d3p65_En6p34_20260818n224150_final.vasp
stage1_4040k,0.02,0.076,0.07395886271791596,-6.321303052150789,1,1.6502677376205537,360,1.0935698772444928,out/stage1_4040k/dE0.076/r0/GeO_Ge120O240_d3p65_En6p34_20260818n224152_final.vasp
stage1_4040k,0.02,0.076,0.031733876995888366,-6.3635280378728165,1,1.6929699486261371,360,0.3073614589619163,out/stage1_4040k/dE0.076/r1/GeO_Ge120O240_d3p65_En6p34_20260818n224159_final.vasp
stage1_4040k,0.02,0.076,0.06831036253871137,-6.3269515523299935,1,1.6516391425255463,360,0.9860893442728365,out/stage1_4040k/dE0.076/r2/GeO_Ge120O240_d3p65_En6p34_20260818n224204_final.vasp
stage1_4040k,0.02,0.076,0.01334187869214265,-6.381920036176562,1,1.7246572979881787,360,0.22719396175335363,out/stage1_4040k/dE0.076/r3/GeO_Ge120O240_d3p65_En6p34_20260818n224205_final.vasp
stage1_4040k,0.02,0.078,0.07139971461646777,-6.323862200252237,1,1.655991622062885,360,0.987226024268664,out/stage1_4040k/dE0.078/r0/GeO_Ge120O240_d3p65_En6p34_20260818n224212_final.vasp
stage1_4040k,0.02,0.078,0.0735003632064215,-6.321761551662283,1,1.6551734026428633,360,1.0923461740823066,out/stage1_4040k/dE0.078/r1/GeO_Ge120O240_d3p65_En6p34_20260818n224222_final.vasp
stage1_4040k,0.02,0.078,0.022133297024629073,-6.373128617844076,1,1.7231169601493157,360,0.28061265102896044,out/stage1_4040k/dE0.078/r2/GeO_Ge120O240_d3p65_En6p34_20260818n224222_final.vasp
stage1_4040k,0.02,0.078,0.0787074884549126,-6.316554426413792,1,1.642266756555575,360,1.209241294053811,out/stage1_4040k/dE0.078/r3/GeO_Ge120O240_d3p65_En6p34_20260818n224223_final.vasp
stage1_4040k,0.02,0.08,0.04760570718911783,-6.347656207679587,1,1.677186992953892,360,0.9389550633398369,out/stage1_4040k/dE0.080/r0/GeO_Ge120O240_d3p65_En6p33_20260818n224230_final.vasp
stage1_4040k,0.02,0.08,0.07664348770186535,-6.3186184271668395,1,1.6616302143962836,360,1.08407755450593,out/stage1_4040k/dE0.080/r1/GeO_Ge120O240_d3p65_En6p33_20260818n224236_final.vasp
stage1_4040k,0.02,0.08,0.06436005120535171,-6.330901863663353,1,1.6492254910000428,360,0.9466741798944893,out/stage1_4040k/dE0.080/r2/GeO_Ge120O240_d3p65_En6p33_20260818n224236_final.vasp
stage1_4040k,0.02,0.08,0.020343028346315073,-6.37491888652239,1,1.70308379650424,360,0.25853968093368623,out/stage1_4040k/dE0.080/r3/GeO_Ge120O240_d3p65_En6p33_20260818n224241_final.vasp
stage1_4040k,0.02,0.082,0.056667107787783166,-6.338594807080922,1,1.6507786056277662,360,0.9102352480892286,out/stage1_4040k/dE0.082/r0/GeO_Ge120O240_d3p65_En6p33_20260818n224244_final.vasp
stage1_4040k,0.02,0.082,0.04106596480494673,-6.354195950063758,1,1.6591918854009367,360,0.7332125600295104,out/stage1_4040k/dE0.082/r1/GeO_Ge120O240_d3p65_En6p33_20260818n224245_final.vasp
stage1_4040k,0.02,0.082,0.02595190134190073,-6.369310013526804,1,1.7258810991814126,360,0.2573575854941193,out/stage1_4040k/dE0.082/r2/GeO_Ge120O240_d3p65_En6p33_20260818n224246_final.vasp
stage1_4040k,0.02,0.082,0.015415842524387102,-6.379846072344318,1,1.7167425437252448,360,0.20349720851742262,out/stage1_4040k/dE0.082/r3/GeO_Ge120O240_d3p65_En6p33_20260818n224254_final.vasp
stage1_4040k,0.02,0.084,0.07306583877409434,-6.3221960760946105,1,1.6609743513507402,360,1.125356540625163,out/stage1_4040k/dE0.084/r0/GeO_Ge120O240_d3p65_En6p33_20260818n224254_final.vasp
stage1_4040k,0.02,0.084,0.01888895004747493,-6.37637296482123,1,1.7061627183115986,360,0.27866779908729555,out/stage1_4040k/dE0.084/r1/GeO_Ge120O240_d3p65_En6p33_20260818n224255_final.vasp
stage1_4040k,0.02,0.084,0.08256371377451455,-6.31269820109419,1,1.625006253720831,360,1.0964338654468584,out/stage1_4040k/dE0.084/r2/GeO_Ge120O240_d3p65_En6p33_20260818n224301_final.vasp
stage1_4040k,0.02,0.084,0.019870473649172382,-6.3753914412195325,1,1.7132577043212283,360,0.20034283555089266,out/stage1_4040k/dE0.084/r3/GeO_Ge120O240_d3p65_En6p33_20260818n224307_final.vasp
stage1_4040k,0.02,0.086,0.08991244400851084,-6.305349470860194,1,1.6308474184925887,360,1.1178973528688765,out/stage1_4040k/dE0.086/r0/GeO_Ge120O240_d3p65_En6p33_20260818n224307_final.vasp
stage1_4040k,0.02,0.086,0.07793097953895955,-6.317330935329745,1,1.654725083834586,360,1.097167989241321,out/stage1_4040k/dE0.086/r1/GeO_Ge120O240_d3p65_En6p33_20260818n224315_final.vasp
stage1_4040k,0.02,0.086,0.046864069453945056,-6.34839784541476,1,1.674227974003789,360,0.7739045247125541,out/stage1_4040k/dE0.086/r2/GeO_Ge120O240_d3p65_En6p33_20260818n224326_final.vasp
stage1_4040k,0.02,0.086,0.014013782412358289,-6.381248132456347,1,1.7076263550662871,360,0.25499970188519766,out/stage1_4040k/dE0.086/r3/GeO_Ge120O240_d3p65_En6p33_20260818n224326_final.vasp
stage1_4040k,0.02,0.088,0.05682661010261825,-6.338435304766087,1,1.6669583736992641,360,0.8368040642279413,out/stage1_4040k/dE0.088/r0/GeO_Ge120O240_d3p65_En6p33_20260818n224327_final.vasp
stage1_4040k,0.02,0.088,0.08831488078755889,-6.306947034081146,1,1.6438552004184135,360,1.261532151190763,out/stage1_4040k/dE0.088/r1/GeO_Ge120O240_d3p65_En6p33_20260818n224333_final.vasp
stage1_4040k,0.02,0.088,0.01677784975342611,-6.378484065115279,1,1.7158052764872562,360,0.21572734289151285,out/stage1_4040k/dE0.088/r2/GeO_Ge120O240_d3p65_En6p33_20260818n224338_final.vasp
stage1_4040k,0.02,0.088,0.07878979948661335,-6.3164721153820915,1,1.6468946903039265,360,1.121979175550926,out/stage1_4040k/dE0.088/r3/GeO_Ge120O240_d3p65_En6p33_20260818n224338_final.vasp
stage1_4040k,0.02,0.09,0.0757495024544621,-6.319512412414243,1,1.6582387229946838,360,1.1022130388152398,out/stage1_4040k/dE0.090/r0/GeO_Ge120O240_d3p65_En6p32_20260818n224346_final.vasp
stage1_4040k,0.02,0.09,0.0918640305610996,-6.303397884307605,1,1.636742093216601,360,1.177015633752335,out/stage1_4040k/dE0.090/r1/GeO_Ge120O240_d3p65_En6p32_20260818n224358_final.vasp
stage1_4040k,0.02,0.09,0.07105160507852659,-6.324210309790178,1,1.6578654507160553,360,1.14688866171365,out/stage1_4040k/dE0.090/r2/GeO_Ge120O240_d3p65_En6p32_20260818n224358_final.vasp
stage1_4040k,0.02,0.09,0.06303917689716076,-6.332222737971544,1,1.652120109161209,360,0.8806025023364856,out/stage1_4040k/dE0.090/r3/GeO_Ge120O240_d3p65_En6p32_20260818n224358_final.vasp
stage1_4040k,0.02,0.092,0.0663988644582183,-6.328863050410487,1,1.6717121749968704,360,0.9367441803241141,out/stage1_4040k/dE0.092/r0/GeO_Ge120O240_d3p65_En6p32_20260818n224404_final.vasp
stage1_4040k,0.02,0.092,0.012903554063338873,-6.382358360805366,1,1.6985558752231662,360,0.23495365934289547,out/stage1_4040k/dE0.092/r1/GeO_Ge120O240_d3p65_En6p32_20260818n224408_final.vasp
stage1_4040k,0.02,0.092,0.07144261335904734,-6.3238193015096575,1,1.6620724967661187,360,1.0143774245379704,out/stage1_4040k/dE0.092/r2/GeO_Ge120O240_d3p65_En6p32_20260818n224409_final.vasp
stage1_4040k,0.02,0.092,0.07089679286238404,-6.324365122006321,1,1.6669343608231475,360,1.0712510560219612,out/stage1_4040k/dE0.092/r3/GeO_Ge120O240_d3p65_En6p32_20260818n224418_final.vasp
stage1_4040k,0.02,0.094,0.07019643853010749,-6.325065476338597,1,1.666865831490261,360,1.0219231429394418,out/stage1_4040k/dE0.094/r0/GeO_Ge120O240_d3p65_En6p32_20260818n224418_final.vasp
stage1_4040k,0.02,0.094,0.08316031397679868,-6.312101600891906,1,1.6635989725209417,360,1.0819252211542079,out/stage1_4040k/dE0.094/r1/GeO_Ge120O240_d3p65_En6p32_20260818n224422_final.vasp
stage1_4040k,0.02,0.094,0.02291728874276,-6.372344626125945,1,1.7225998981995414,360,0.22733818895063476,out/stage1_4040k/dE0.094/r2/GeO_Ge120O240_d3p65_En6p32_20260818n224424_final.vasp
stage1_4040k,0.02,0.094,0.024969843635278544,-6.370292071233426,1,1.7276698319518227,360,0.23233108129171845,out/stage1_4040k/dE0.094/r3/GeO_Ge120O240_d3p65_En6p32_20260818n224430_final.vasp
stage1_4040k,0.02,0.096,0.07582599482185248,-6.319435920046852,1,1.6630417526292252,360,1.097096687124602,out/stage1_4040k/dE0.096/r0/GeO_Ge120O240_d3p65_En6p32_20260818n224430_final.vasp
stage1_4040k,0.02,0.096,0.0846510310347659,-6.310610883833939,1,1.656952243204304,360,1.055247575974109,out/stage1_4040k/dE0.096/r1/GeO_Ge120O240_d3p65_En6p32_20260818n224430_final.vasp
stage1_4040k,0.02,0.096,0.06532709826356786,-6.329934816605137,1,1.6602867636266392,360,1.0396702403729874,out/stage1_4040k/dE0.096/r2/GeO_Ge120O240_d3p65_En6p32_20260818n224435_final.vasp
stage1_4040k,0.02,0.096,0.0757600819106603,-6.319501832958045,1,1.649349414484021,360,1.1496192731345267,out/stage1_4040k/dE0.096/r3/GeO_Ge120O240_d3p65_En6p32_20260818n224439_final.vasp
stage1_4040k,0.02,0.098,0.026774926904844065,-6.368486987963861,1,1.7089976461829346,360,0.24784913560087904,out/stage1_4040k/dE0.098/r0/GeO_Ge120O240_d3p65_En6p32_20260818n224440_final.vasp
stage1_4040k,0.02,0.098,0.08684656539204116,-6.308415349476664,1,1.6603929230510017,360,1.2170722631511042,out/stage1_4040k/dE0.098/r1/GeO_Ge120O240_d3p65_En6p32_20260818n224449_final.vasp
stage1_4040k,0.02,0.098,0.08822707039344468,-6.30703484447526,1,1.6290547156580395,360,1.222946914722829,out/stage1_4040k/dE0.098/r2/GeO_Ge120O240_d3p65_En6p32_20260818n224502_final.vasp
stage1_4040k,0.02,0.098,0.07079616327646754,-6.324465751592237,1,1.6663116754148988,360,1.093642151483946,out/stage1_4040k/dE0.098/r3/GeO_Ge120O240_d3p65_En6p32_20260818n224502_final.vasp
stage1_4040k,0.02,0.1,0.08670844461048155,-6.308553470258223,1,1.6548969688807835,360,1.2194025428967514,out/stage1_4040k/dE0.100/r0/GeO_Ge120O240_d3p65_En6p31_20260818n224502_final.vasp
stage1_4040k,0.02,0.1,0.06200509644190788,-6.333256818426797,1,1.668098799262824,360,0.9143529610835306,out/stage1_4040k/dE0.100/r1/GeO_Ge120O240_d3p65_En6p31_20260818n224506_final.vasp
stage1_4040k,0.02,0.1,0.06310474859551984,-6.332157166273185,1,1.6726363504716983,360,0.906834650981066,out/stage1_4040k/dE0.100/r2/GeO_Ge120O240_d3p65_En6p31_20260818n224511_final.vasp
stage1_4040k,0.02,0.1,0.0976073624816145,-6.29765455238709,1,1.6407037043388186,360,1.2720957379189919,out/stage1_4040k/dE0.100/r3/GeO_Ge120O240_d3p65_En6p31_20260818n224511_final.vasp
stage1b,0.02,0.0,0.01433945509368062,-6.380922459775024,1,1.7110598269293584,360,0.21125558078178183,out/stage1b/dE0.000/r0/GeO_Ge120O240_d3p65_En6p41_20260817n225535_final.vasp
stage1b,0.02,0.0,0.01468210566757211,-6.380579809201133,1,1.7061547131915826,360,0.2304640351982953,out/stage1b/dE0.000/r1/GeO_Ge120O240_d3p65_En6p41_20260817n225535_final.vasp
stage1b,0.02,0.0,0.012697811078200338,-6.3825641037905045,1,1.7200433707931344,360,0.24286004215725457,out/stage1b/dE0.000/r2/GeO_Ge120O240_d3p65_En6p41_20260817n225535_final.vasp
stage1b,0.02,0.0,0.014916667065955735,-6.380345247802749,1,1.6996610864218515,360,0.2169297211432342,out/stage1b/dE0.000/r3/GeO_Ge120O240_d3p65_En6p41_20260817n225531_final.vasp
stage1b,0.02,0.002,0.013823635715455751,-6.381438279153249,1,1.7034118794280098,360,0.2517337427084355,out/stage1b/dE0.002/r0/GeO_Ge120O240_d3p65_En6p41_20260817n225531_final.vasp
stage1b,0.02,0.002,0.015498954826230538,-6.379762960042474,1,1.7147129660610485,360,0.23953726839756453,out/stage1b/dE0.002/r1/GeO_Ge120O240_d3p65_En6p41_20260817n225531_final.vasp
stage1b,0.02,0.002,0.016207054320022785,-6.379054860548682,1,1.7080864743927457,360,0.23542821868241917,out/stage1b/dE0.002/r2/GeO_Ge120O240_d3p65_En6p41_20260817n225542_final.vasp
stage1b,0.02,0.002,0.023552790737267237,-6.371709124131438,1,1.704134280966037,360,0.2585672635601704,out/stage1b/dE0.002/r3/GeO_Ge120O240_d3p65_En6p41_20260817n225542_final.vasp
stage1b,0.02,0.004,0.008363038001166778,-6.386898876867538,1,1.724790400290913,360,0.22018501300910617,out/stage1b/dE0.004/r0/GeO_Ge120O240_d3p65_En6p41_20260817n225542_final.vasp
stage1b,0.02,0.004,0.005354214404056812,-6.389907700464648,1,1.7302413114979176,360,0.21565813623734317,out/stage1b/dE0.004/r1/GeO_Ge120O240_d3p65_En6p41_20260817n225717_final.vasp
stage1b,0.02,0.004,0.01205341962374451,-6.38320849524496,1,1.7107720599467453,360,0.2184572413481627,out/stage1b/dE0.004/r2/GeO_Ge120O240_d3p65_En6p41_20260817n225717_final.vasp
stage1b,0.02,0.004,0.013326919625455957,-6.381934995243249,1,1.698645216458046,360,0.21294693442046697,out/stage1b/dE0.004/r3/GeO_Ge120O240_d3p65_En6p41_20260817n225717_final.vasp
stage1b,0.02,0.006,0.004143075341189295,-6.391118839527516,1,1.7079238070644893,360,0.2318556399272516,out/stage1b/dE0.006/r0/GeO_Ge120O240_d3p65_En6p41_20260817n225712_final.vasp
stage1b,0.02,0.006,0.011386730147332713,-6.383875184721372,1,1.7129461287875005,360,0.22483125041206634,out/stage1b/dE0.006/r1/GeO_Ge120O240_d3p65_En6p41_20260817n225711_final.vasp
stage1b,0.02,0.006,0.021696215655425455,-6.373565699213279,1,1.709041657584367,360,0.2703986264445184,out/stage1b/dE0.006/r2/GeO_Ge120O240_d3p65_En6p41_20260817n225712_final.vasp
stage1b,0.02,0.006,0.0088820454412053,-6.3863798694275,1,1.711049217338637,360,0.22109898044388254,out/stage1b/dE0.006/r3/GeO_Ge120O240_d3p65_En6p41_20260817n225724_final.vasp
stage1b,0.02,0.008,0.0,-6.395261914868705,1,1.7216884233979557,360,0.20834984738849172,out/stage1b/dE0.008/r0/GeO_Ge120O240_d3p65_En6p41_20260817n225724_final.vasp
stage1b,0.02,0.008,0.024157802136681283,-6.371104112732024,1,1.7144276285440072,360,0.2633769172660095,out/stage1b/dE0.008/r1/GeO_Ge120O240_d3p65_En6p41_20260817n225725_final.vasp
stage1b,0.02,0.008,0.005131616017508556,-6.390130298851196,1,1.720293725295584,360,0.21552350334532924,out/stage1b/dE0.008/r2/GeO_Ge120O240_d3p65_En6p41_20260817n225857_final.vasp
stage1b,0.02,0.008,0.02001541754203373,-6.375246497326671,1,1.6995118357259318,360,0.23348010411504183,out/stage1b/dE0.008/r3/GeO_Ge120O240_d3p65_En6p41_20260817n225859_final.vasp
stage1b,0.02,0.01,0.014297787047284238,-6.380964127821421,1,1.700281570813538,360,0.22077973017625585,out/stage1b/dE0.010/r0/GeO_Ge120O240_d3p65_En6p40_20260817n225859_final.vasp
stage1b,0.02,0.01,0.009130055896660494,-6.386131858972044,1,1.7156398791568812,360,0.24945176070623473,out/stage1b/dE0.010/r1/GeO_Ge120O240_d3p65_En6p40_20260817n225851_final.vasp
stage1b,0.02,0.01,0.00958115853356567,-6.385680756335139,1,1.715092314082026,360,0.2170423711849258,out/stage1b/dE0.010/r2/GeO_Ge120O240_d3p65_En6p40_20260817n225851_final.vasp
stage1b,0.02,0.01,0.02042251175694698,-6.374839403111758,1,1.6984955467851752,360,0.22232880698730137,out/stage1b/dE0.010/r3/GeO_Ge120O240_d3p65_En6p40_20260817n225851_final.vasp
stage1b,0.02,0.012,0.01713535997099047,-6.378126554897714,1,1.711621597158808,360,0.2811284422563506,out/stage1b/dE0.012/r0/GeO_Ge120O240_d3p65_En6p40_20260817n225905_final.vasp
stage1b,0.02,0.012,0.014744227455289582,-6.380517687413415,1,1.7148524772872955,360,0.24645537322353392,out/stage1b/dE0.012/r1/GeO_Ge120O240_d3p65_En6p40_20260817n225904_final.vasp
stage1b,0.02,0.012,0.012058796006445327,-6.3832031188622596,1,1.7003491346249515,360,0.24323960673245149,out/stage1b/dE0.012/r2/GeO_Ge120O240_d3p65_En6p40_20260817n225907_final.vasp
stage1b,0.02,0.012,0.025486358113869123,-6.369775556754836,1,1.7018168065927397,360,0.2750695819908165,out/stage1b/dE0.012/r3/GeO_Ge120O240_d3p65_En6p40_20260817n230037_final.vasp
stage1b,0.02,0.014,0.010102914872831548,-6.385158999995873,1,1.723237747389387,360,0.20636492389005032,out/stage1b/dE0.014/r0/GeO_Ge120O240_d3p65_En6p40_20260817n230038_final.vasp
stage1b,0.02,0.014,0.0118567197082724,-6.3834051951604325,1,1.7170971900613796,360,0.20823340096506499,out/stage1b/dE0.014/r1/GeO_Ge120O240_d3p65_En6p40_20260817n230040_final.vasp
stage1b,0.02,0.014,0.021810683707276013,-6.373451231161429,1,1.6903820028754306,360,0.25057663856059087,out/stage1b/dE0.014/r2/GeO_Ge120O240_d3p65_En6p40_20260817n230031_final.vasp
stage1b,0.02,0.014,0.02269052473087463,-6.37257139013783,1,1.7131993521824542,360,0.224846159553467,out/stage1b/dE0.014/r3/GeO_Ge120O240_d3p65_En6p40_20260817n230030_final.vasp
stage1b,0.02,0.016,0.020283422565896103,-6.374978492302809,1,1.7026390475522206,360,0.22261715269332805,out/stage1b/dE0.016/r0/GeO_Ge120O240_d3p65_En6p40_20260817n230031_final.vasp
stage1b,0.02,0.016,0.013557654059770385,-6.3817042608089345,1,1.703391978826997,360,0.19641206850940485,out/stage1b/dE0.016/r1/GeO_Ge120O240_d3p65_En6p40_20260817n230044_final.vasp
stage1b,0.02,0.016,0.01566637085437428,-6.379595544014331,1,1.7086400250153368,360,0.2247946143086297,out/stage1b/dE0.016/r2/GeO_Ge120O240_d3p65_En6p40_20260817n230043_final.vasp
stage1b,0.02,0.016,0.025400954577518675,-6.369860960291186,1,1.7150211391174006,360,0.2698077567699952,out/stage1b/dE0.016/r3/GeO_Ge120O240_d3p65_En6p40_20260817n230048_final.vasp
stage1b,0.02,0.018,0.020307834209431164,-6.374954080659274,1,1.7154782584732589,360,0.25463001859290446,out/stage1b/dE0.018/r0/GeO_Ge120O240_d3p65_En6p40_20260817n230217_final.vasp
stage1b,0.02,0.018,0.007831794945147408,-6.3874301199235575,1,1.712739924629617,360,0.23147279957795774,out/stage1b/dE0.018/r1/GeO_Ge120O240_d3p65_En6p40_20260817n230218_final.vasp
stage1b,0.02,0.018,0.01912786326738658,-6.376134051601318,1,1.696524784029521,360,0.24947313350527034,out/stage1b/dE0.018/r2/GeO_Ge120O240_d3p65_En6p40_20260817n230221_final.vasp
stage1b,0.02,0.018,0.02418198414224726,-6.371079930726458,1,1.7205265581916682,360,0.30031438671826644,out/stage1b/dE0.018/r3/GeO_Ge120O240_d3p65_En6p40_20260817n230209_final.vasp
stage1b,0.02,0.02,0.011104889996293998,-6.384157024872411,1,1.6980220096515424,360,0.23229294905929276,out/stage1b/dE0.020/r0/GeO_Ge120O240_d3p65_En6p39_20260817n230208_final.vasp
stage1b,0.02,0.02,0.013139294288321501,-6.382122620580383,1,1.693463543400761,360,0.21009477033998644,out/stage1b/dE0.020/r1/GeO_Ge120O240_d3p65_En6p39_20260817n230209_final.vasp
stage1b,0.02,0.02,0.014997260319812966,-6.380264654548892,1,1.712994824345636,360,0.23893535889602552,out/stage1b/dE0.020/r2/GeO_Ge120O240_d3p65_En6p39_20260817n230224_final.vasp
stage1b,0.02,0.02,0.009746690291856375,-6.3855152245768485,1,1.676290624147001,360,0.20639527866703336,out/stage1b/dE0.020/r3/GeO_Ge120O240_d3p65_En6p39_20260817n230224_final.vasp
stage1b,0.02,0.022,0.015535976028056453,-6.379725938840648,1,1.707773252403432,360,0.2350939995232799,out/stage1b/dE0.022/r0/GeO_Ge120O240_d3p65_En6p39_20260817n230229_final.vasp
stage1b,0.02,0.022,0.017127304991290337,-6.3781346098774145,1,1.7080151242361143,360,0.21637571747277773,out/stage1b/dE0.022/r1/GeO_Ge120O240_d3p65_En6p39_20260817n230357_final.vasp
stage1b,0.02,0.022,0.016429819775400034,-6.378832095093305,1,1.712325194310535,360,0.2004365016414359,out/stage1b/dE0.022/r2/GeO_Ge120O240_d3p65_En6p39_20260817n230358_final.vasp
stage1b,0.02,0.022,0.026421594978844887,-6.36884031988986,1,1.7132024268218073,360,0.2593373208801438,out/stage1b/dE0.022/r3/GeO_Ge120O240_d3p65_En6p39_20260817n230403_final.vasp
stage1b,0.02,0.024,0.017059696983449335,-6.3782022178852555,1,1.7193225207022578,360,0.23642949643747396,out/stage1b/dE0.024/r0/GeO_Ge120O240_d3p65_En6p39_20260817n230348_final.vasp
stage1b,0.02,0.024,0.024644098425226524,-6.370617816443478,1,1.7261878673442883,360,0.23016158895893143,out/stage1b/dE0.024/r1/GeO_Ge120O240_d3p65_En6p39_20260817n230348_final.vasp
stage1b,0.02,0.024,0.01712898304874244,-6.378132931819962,1,1.713129127198687,360,0.20214680809696434,out/stage1b/dE0.024/r2/GeO_Ge120O240_d3p65_En6p39_20260817n230349_final.vasp
stage1b,0.02,0.024,0.019593638377458866,-6.375668276491246,1,1.71097037451001,360,0.22134291818782734,out/stage1b/dE0.024/r3/GeO_Ge120O240_d3p65_En6p39_20260817n230404_final.vasp
stage1b,0.02,0.026,0.026143836207483062,-6.369118078661222,1,1.691374026991612,360,0.3467679708584427,out/stage1b/dE0.026/r0/GeO_Ge120O240_d3p65_En6p39_20260817n230405_final.vasp
stage1b,0.02,0.026,0.012192402206967934,-6.383069512661737,1,1.7139239153824648,360,0.204393569496656,out/stage1b/dE0.026/r1/GeO_Ge120O240_d3p65_En6p39_20260817n230411_final.vasp
stage1b,0.02,0.026,0.025763410322935165,-6.36949850454577,1,1.706621341830172,360,0.2339278884517563,out/stage1b/dE0.026/r2/GeO_Ge120O240_d3p65_En6p39_20260817n230544_final.vasp
stage1b,0.02,0.026,0.02262193285883196,-6.372639982009873,1,1.7133562449180626,360,0.23100565406189447,out/stage1b/dE0.026/r3/GeO_Ge120O240_d3p65_En6p39_20260817n230544_final.vasp
stage1b,0.02,0.028,0.016752280308044654,-6.37850963456066,1,1.703364385406103,360,0.3722231460501687,out/stage1b/dE0.028/r0/GeO_Ge120O240_d3p65_En6p39_20260817n230544_final.vasp
stage1b,0.02,0.028,0.027157129277441072,-6.368104785591264,1,1.6657568656797386,360,0.6550760389246783,out/stage1b/dE0.028/r1/GeO_Ge120O240_d3p65_En6p39_20260817n230527_final.vasp
stage1b,0.02,0.028,0.02188775910200036,-6.3733741557667045,1,1.7126074957132966,360,0.21505564453865048,out/stage1b/dE0.028/r2/GeO_Ge120O240_d3p65_En6p39_20260817n230527_final.vasp
stage1b,0.02,0.028,0.02001721045706084,-6.375244704411644,1,1.717968812123802,360,0.20852116082761796,out/stage1b/dE0.028/r3/GeO_Ge120O240_d3p65_En6p39_20260817n230528_final.vasp
stage1b,0.02,0.03,0.0450020801232327,-6.350259834745472,1,1.6509883132177756,360,0.7441480463128839,out/stage1b/dE0.030/r0/GeO_Ge120O240_d3p65_En6p38_20260817n230544_final.vasp
stage1b,0.02,0.03,0.014432924596937902,-6.380828990271767,1,1.6841282839609923,360,0.2290696559155512,out/stage1b/dE0.030/r1/GeO_Ge120O240_d3p65_En6p38_20260817n230545_final.vasp
stage1b,0.02,0.03,0.019416027222364463,-6.37584588764634,1,1.69824204938664,360,0.36432801676916016,out/stage1b/dE0.030/r2/GeO_Ge120O240_d3p65_En6p38_20260817n230553_final.vasp
stage1b,0.02,0.03,0.011481393368010906,-6.383780521500694,1,1.7087799620690995,360,0.23129366761841322,out/stage1b/dE0.030/r3/GeO_Ge120O240_d3p65_En6p38_20260817n230725_final.vasp
stage1b,0.02,0.032,0.03866806984291937,-6.3565938450257855,1,1.6805293448901708,360,0.6438293125231581,out/stage1b/dE0.032/r0/GeO_Ge120O240_d3p65_En6p38_20260817n230725_final.vasp
stage1b,0.02,0.032,0.019625040435299113,-6.375636874433406,1,1.6943477507301028,360,0.2639349276556665,out/stage1b/dE0.032/r1/GeO_Ge120O240_d3p65_En6p38_20260817n230727_final.vasp
stage1b,0.02,0.032,0.01885013408909675,-6.376411780779608,1,1.70751427529593,360,0.23844369101767557,out/stage1b/dE0.032/r2/GeO_Ge120O240_d3p65_En6p38_20260817n230707_final.vasp
stage1b,0.02,0.032,0.023026330464319678,-6.372235584404385,1,1.7147925517419143,360,0.27313154088755076,out/stage1b/dE0.032/r3/GeO_Ge120O240_d3p65_En6p38_20260817n230706_final.vasp
stage1b,0.02,0.034,0.01927869333214627,-6.375983221536559,1,1.7062328556022444,360,0.21247013495441194,out/stage1b/dE0.034/r0/GeO_Ge120O240_d3p65_En6p38_20260817n230707_final.vasp
stage1b,0.02,0.034,0.02992281261906804,-6.365339102249637,1,1.6710792912901489,360,0.6982429076540259,out/stage1b/dE0.034/r1/GeO_Ge120O240_d3p65_En6p38_20260817n230724_final.vasp
stage1b,0.02,0.034,0.045698820621943526,-6.349563094246761,1,1.666463882964355,360,0.8857494837100943,out/stage1b/dE0.034/r2/GeO_Ge120O240_d3p65_En6p38_20260817n230724_final.vasp
stage1b,0.02,0.034,0.01826949215567808,-6.376992422713027,1,1.7166688047305,360,0.23114631699747473,out/stage1b/dE0.034/r3/GeO_Ge120O240_d3p65_En6p38_20260817n230734_final.vasp
stage1b,0.02,0.036,0.032438540099274604,-6.36282337476943,1,1.6800007358985998,360,0.7012644276218032,out/stage1b/dE0.036/r0/GeO_Ge120O240_d3p65_En6p38_20260817n230904_final.vasp
stage1b,0.02,0.036,0.032107140199709505,-6.363154774668995,1,1.6927275017745074,360,0.39716676842396803,out/stage1b/dE0.036/r1/GeO_Ge120O240_d3p65_En6p38_20260817n230905_final.vasp
stage1b,0.02,0.036,0.032452171561446086,-6.362809743307259,1,1.6784328235529253,360,0.5972719948399211,out/stage1b/dE0.036/r2/GeO_Ge120O240_d3p65_En6p38_20260817n230908_final.vasp
stage1b,0.02,0.036,0.0246787917812874,-6.3705831230874175,1,1.6869051977351135,360,0.5794417936147777,out/stage1b/dE0.036/r3/GeO_Ge120O240_d3p65_En6p38_20260817n230846_final.vasp
stage1b,0.02,0.038,0.036561218470629875,-6.358700696398075,1,1.6789710816717385,360,0.682889740214968,out/stage1b/dE0.038/r0/GeO_Ge120O240_d3p65_En6p38_20260817n230846_final.vasp
stage1b,0.02,0.038,0.05560956200876266,-6.339652352859942,1,1.666171553361455,360,0.8382964678148443,out/stage1b/dE0.038/r1/GeO_Ge120O240_d3p65_En6p38_20260817n230847_final.vasp
stage1b,0.02,0.038,0.0571579474484043,-6.338103967420301,1,1.6475931951100582,360,0.8994566203319955,out/stage1b/dE0.038/r2/GeO_Ge120O240_d3p65_En6p38_20260817n230905_final.vasp
stage1b,0.02,0.038,0.048040048419481174,-6.347221866449224,1,1.6730953067497463,360,0.902347961141515,out/stage1b/dE0.038/r3/GeO_Ge120O240_d3p65_En6p38_20260817n230905_final.vasp
stage1b,0.02,0.04,0.05344907119565345,-6.341812843673051,1,1.667251981489414,360,0.8562568308257872,out/stage1b/dE0.040/r0/GeO_Ge120O240_d3p65_En6p37_20260817n230916_final.vasp
stage1b,0.02,0.04,0.06804874413410644,-6.327213170734598,1,1.6518326034506798,360,1.060126354406981,out/stage1b/dE0.040/r1/GeO_Ge120O240_d3p65_En6p37_20260817n231044_final.vasp
stage1b,0.02,0.04,0.05723702700976041,-6.3380248878589445,1,1.6702611065416189,360,0.8874982513362757,out/stage1b/dE0.040/r2/GeO_Ge120O240_d3p65_En6p37_20260817n231045_final.vasp
stage1b,0.02,0.04,0.04824847451553449,-6.34701344035317,1,1.6710385873477298,360,0.7695495472724778,out/stage1b/dE0.040/r3/GeO_Ge120O240_d3p65_En6p37_20260817n231049_final.vasp
stage1b,0.02,0.042,0.07085732990270621,-6.324404584965999,1,1.655779605580101,360,1.007466362802139,out/stage1b/dE0.042/r0/GeO_Ge120O240_d3p65_En6p37_20260817n231025_final.vasp
stage1b,0.02,0.042,0.05496563545899935,-6.3402962794097055,1,1.671212817294055,360,0.8974098644550998,out/stage1b/dE0.042/r1/GeO_Ge120O240_d3p65_En6p37_20260817n231024_final.vasp
stage1b,0.02,0.042,0.05705753443789785,-6.338204380430807,1,1.6520969379712727,360,0.9063096717058571,out/stage1b/dE0.042/r2/GeO_Ge120O240_d3p65_En6p37_20260817n231027_final.vasp
stage1b,0.02,0.042,0.04730953162528628,-6.347952383243419,1,1.6638999034201318,360,0.7297187043747476,out/stage1b/dE0.042/r3/GeO_Ge120O240_d3p65_En6p37_20260817n231045_final.vasp
stage1b,0.02,0.044,0.05872598174313026,-6.336535933125575,1,1.6606180284887602,360,0.8873773314508311,out/stage1b/dE0.044/r0/GeO_Ge120O240_d3p65_En6p37_20260817n231045_final.vasp
stage1b,0.02,0.044,0.05974080870883558,-6.335521106159869,1,1.6556249100671832,360,1.0034620671168677,out/stage1b/dE0.044/r1/GeO_Ge120O240_d3p65_En6p37_20260817n231058_final.vasp
stage1b,0.02,0.044,0.04698720794876632,-6.348274706919939,1,1.6670621696823942,360,0.8970042858721115,out/stage1b/dE0.044/r2/GeO_Ge120O240_d3p65_En6p37_20260817n231224_final.vasp
stage1b,0.02,0.044,0.04480097199972821,-6.350460942868977,1,1.6797890186258142,360,0.7722567299202027,out/stage1b/dE0.044/r3/GeO_Ge120O240_d3p65_En6p37_20260817n231225_final.vasp
stage1b,0.02,0.046,0.059559488466418564,-6.335702426402286,1,1.6600485393839788,360,0.9655729583812795,out/stage1b/dE0.046/r0/GeO_Ge120O240_d3p65_En6p37_20260817n231230_final.vasp
stage1b,0.02,0.046,0.07122699882557981,-6.324034916043125,1,1.6523417091674866,360,0.9490450887419771,out/stage1b/dE0.046/r1/GeO_Ge120O240_d3p65_En6p37_20260817n231204_final.vasp
stage1b,0.02,0.046,0.021444867200049345,-6.3738170476686555,1,1.7021027060499025,360,0.2057968788699453,out/stage1b/dE0.046/r2/GeO_Ge120O240_d3p65_En6p37_20260817n231202_final.vasp
stage1b,0.02,0.046,0.06003719315634193,-6.335224721712363,1,1.6571104977803648,360,0.886971052610857,out/stage1b/dE0.046/r3/GeO_Ge120O240_d3p65_En6p37_20260817n231205_final.vasp
stage1b,0.02,0.048,0.07145519170377135,-6.3238067231649335,1,1.648969619481744,360,0.9225586495120406,out/stage1b/dE0.048/r0/GeO_Ge120O240_d3p65_En6p37_20260817n231224_final.vasp
stage1b,0.02,0.048,0.05945668613931776,-6.335805228729387,1,1.664115200328418,360,0.9209709894546014,out/stage1b/dE0.048/r1/GeO_Ge120O240_d3p65_En6p37_20260817n231225_final.vasp
stage1b,0.02,0.048,0.06914563570465404,-6.326116279164051,1,1.6345679156154256,360,0.9990332926859994,out/stage1b/dE0.048/r2/GeO_Ge120O240_d3p65_En6p37_20260817n231239_final.vasp
stage1b,0.02,0.048,0.06137460925990723,-6.333887305608798,1,1.6631850281307548,360,0.952339624790767,out/stage1b/dE0.048/r3/GeO_Ge120O240_d3p65_En6p37_20260817n231404_final.vasp
stage1b,0.02,0.05,0.08404914594521617,-6.311212768923489,1,1.655714837803113,360,1.1310122804246001,out/stage1b/dE0.050/r0/GeO_Ge120O240_d3p65_En6p36_20260817n231405_final.vasp
stage1b,0.02,0.05,0.0725940157784164,-6.3226678990902885,1,1.6381478270778667,360,1.011519969739804,out/stage1b/dE0.050/r1/GeO_Ge120O240_d3p65_En6p36_20260817n231412_final.vasp
stage1b,0.02,0.05,0.06548186480439888,-6.329780050064306,1,1.6696507294449217,360,1.0363654883115765,out/stage1b/dE0.050/r2/GeO_Ge120O240_d3p65_En6p36_20260817n231343_final.vasp
stage1b,0.02,0.05,0.0664571470961457,-6.328804767772559,1,1.6367762314965058,360,0.9434980262072747,out/stage1b/dE0.050/r3/GeO_Ge120O240_d3p65_En6p36_20260817n231341_final.vasp
stage1b,0.02,0.052,0.0695800932273718,-6.325681821641333,1,1.6545419835109474,360,0.9237533307552573,out/stage1b/dE0.052/r0/GeO_Ge120O240_d3p65_En6p36_20260817n231345_final.vasp
stage1b,0.02,0.052,0.06653532467319856,-6.328726590195506,1,1.6541891289220305,360,0.9893340238782629,out/stage1b/dE0.052/r1/GeO_Ge120O240_d3p65_En6p36_20260817n231404_final.vasp
stage1b,0.02,0.052,0.06238139923678876,-6.332880515631916,1,1.65524395729618,360,0.9681016755292166,out/stage1b/dE0.052/r2/GeO_Ge120O240_d3p65_En6p36_20260817n231405_final.vasp
stage1b,0.02,0.052,0.0729852885007869,-6.322276626367918,1,1.655790380919533,360,0.9835222661360142,out/stage1b/dE0.052/r3/GeO_Ge120O240_d3p65_En6p36_20260817n231421_final.vasp
stage1b,0.02,0.054,0.08467496690772514,-6.31058694796098,1,1.627852552212232,360,1.1040499473305612,out/stage1b/dE0.054/r0/GeO_Ge120O240_d3p65_En6p36_20260817n231548_final.vasp
stage1b,0.02,0.054,0.07387016298225291,-6.321391751886452,1,1.6528232705061756,360,0.9281708465906418,out/stage1b/dE0.054/r1/GeO_Ge120O240_d3p65_En6p36_20260817n231548_final.vasp
stage1b,0.02,0.054,0.07181099493557674,-6.323450919933128,1,1.650581435203751,360,0.9843566182546454,out/stage1b/dE0.054/r2/GeO_Ge120O240_d3p65_En6p36_20260817n231553_final.vasp
stage1b,0.02,0.054,0.06688663354524582,-6.328375281323459,1,1.647412367476521,360,0.9692632945863261,out/stage1b/dE0.054/r3/GeO_Ge120O240_d3p65_En6p36_20260817n231523_final.vasp
stage1b,0.02,0.056,0.08259057209430942,-6.3126713427743955,1,1.6432388495419048,360,1.0780659156643182,out/stage1b/dE0.056/r0/GeO_Ge120O240_d3p65_En6p36_20260817n231520_final.vasp
stage1b,0.02,0.056,0.07750204821730389,-6.317759866651401,1,1.6577282018861579,360,1.108017488566105,out/stage1b/dE0.056/r1/GeO_Ge120O240_d3p65_En6p36_20260817n231525_final.vasp
stage1b,0.02,0.056,0.08895509718584371,-6.306306817682861,1,1.6278029977832604,360,1.1482204343474849,out/stage1b/dE0.056/r2/GeO_Ge120O240_d3p65_En6p36_20260817n231544_final.vasp
stage1b,0.02,0.056,0.07877207198309932,-6.3164898428856056,1,1.654873055399227,360,1.07660404550526,out/stage1b/dE0.056/r3/GeO_Ge120O240_d3p65_En6p36_20260817n231545_final.vasp
stage1b,0.02,0.058,0.06746307750115488,-6.32779883736755,1,1.658581525416615,360,1.0163182222930465,out/stage1b/dE0.058/r0/GeO_Ge120O240_d3p65_En6p36_20260817n231602_final.vasp
stage1b,0.02,0.058,0.08115308889332429,-6.314108825975381,1,1.6509076075051228,360,1.118139856335423,out/stage1b/dE0.058/r1/GeO_Ge120O240_d3p65_En6p36_20260817n231729_final.vasp
stage1b,0.02,0.058,0.08570565828066634,-6.3095562565880385,1,1.6560835061906158,360,1.1430080047418887,out/stage1b/dE0.058/r2/GeO_Ge120O240_d3p65_En6p36_20260817n231729_final.vasp
stage1b,0.02,0.058,0.08412132480489642,-6.3111405900638085,1,1.626807880428197,360,1.132698387151873,out/stage1b/dE0.058/r3/GeO_Ge120O240_d3p65_En6p36_20260817n231734_final.vasp
stage1b,0.02,0.06,0.07749884216063929,-6.317763072708066,1,1.6634340733071464,360,1.1739269265722994,out/stage1b/dE0.060/r0/GeO_Ge120O240_d3p65_En6p35_20260817n231702_final.vasp
stage1b,0.02,0.06,0.07453880455864059,-6.320723110310064,1,1.6593061833846716,360,1.0020612878199253,out/stage1b/dE0.060/r1/GeO_Ge120O240_d3p65_En6p35_20260817n231659_final.vasp
stage1b,0.02,0.06,0.07806153752019185,-6.317200377348513,1,1.645566947635301,360,1.0160952372581065,out/stage1b/dE0.060/r2/GeO_Ge120O240_d3p65_En6p35_20260817n231705_final.vasp
stage1b,0.02,0.06,0.07253526887861828,-6.322726645990087,1,1.6594274973847616,360,1.1435698467794366,out/stage1b/dE0.060/r3/GeO_Ge120O240_d3p65_En6p35_20260817n231724_final.vasp
stage1b,0.02,0.062,0.08272785549387685,-6.312534059374828,1,1.6539982431436437,360,1.1135534143529302,out/stage1b/dE0.062/r0/GeO_Ge120O240_d3p65_En6p35_20260817n231725_final.vasp
stage1b,0.02,0.062,0.07521663496499187,-6.320045279903713,1,1.638410919720092,360,1.0342676585393678,out/stage1b/dE0.062/r1/GeO_Ge120O240_d3p65_En6p35_20260817n231744_final.vasp
stage1b,0.02,0.062,0.0757057156710399,-6.319556199197665,1,1.6651188114522026,360,1.0580033984909116,out/stage1b/dE0.062/r2/GeO_Ge120O240_d3p65_En6p35_20260817n231909_final.vasp
stage1b,0.02,0.062,0.08460841770236716,-6.310653497166338,1,1.6600205219385489,360,1.0815464233378724,out/stage1b/dE0.062/r3/GeO_Ge120O240_d3p65_En6p35_20260817n231909_final.vasp
stage1b,0.02,0.064,0.07637701195307756,-6.318884902915627,1,1.649957037091834,360,1.070409605105346,out/stage1b/dE0.064/r0/GeO_Ge120O240_d3p65_En6p35_20260817n231916_final.vasp
stage1b,0.02,0.064,0.08035207013525447,-6.31490984473345,1,1.6470176039940232,360,1.0760056013416368,out/stage1b/dE0.064/r1/GeO_Ge120O240_d3p65_En6p35_20260817n231841_final.vasp
stage1b,0.02,0.064,0.09249895587024515,-6.30276295899846,1,1.6559458248610657,360,1.2008024426427548,out/stage1b/dE0.064/r2/GeO_Ge120O240_d3p65_En6p35_20260817n231838_final.vasp
stage1b,0.02,0.064,0.07410642944976331,-6.321155485418942,1,1.6594808575029738,360,1.0824593573142394,out/stage1b/dE0.064/r3/GeO_Ge120O240_d3p65_En6p35_20260817n231844_final.vasp
stage1b,0.02,0.066,0.08447233954432765,-6.310789575324377,1,1.6583275315446173,360,1.113324108452995,out/stage1b/dE0.066/r0/GeO_Ge120O240_d3p65_En6p35_20260817n231903_final.vasp
stage1b,0.02,0.066,0.07087536149040741,-6.3243865533782975,1,1.65559339958481,360,1.0420315414385077,out/stage1b/dE0.066/r1/GeO_Ge120O240_d3p65_En6p35_20260817n231904_final.vasp
stage1b,0.02,0.066,0.09506703321920273,-6.300194881649502,1,1.6378332153308748,360,1.187213185923032,out/stage1b/dE0.066/r2/GeO_Ge120O240_d3p65_En6p35_20260817n231925_final.vasp
stage1b,0.02,0.066,0.07783012618087692,-6.317431788687828,1,1.6578997443364698,360,1.0405096877045017,out/stage1b/dE0.066/r3/GeO_Ge120O240_d3p65_En6p35_20260817n232048_final.vasp
stage1b,0.02,0.068,0.08364186501049353,-6.311620049858211,1,1.6606961763620338,360,1.1578566942800876,out/stage1b/dE0.068/r0/GeO_Ge120O240_d3p65_En6p35_20260817n232049_final.vasp
stage1b,0.02,0.068,0.07778771850615485,-6.31747419636255,1,1.6609826868191053,360,1.106533297002219,out/stage1b/dE0.068/r1/GeO_Ge120O240_d3p65_En6p35_20260817n232057_final.vasp
stage1b,0.02,0.068,0.0700447235218915,-6.325217191346813,1,1.6666680606556916,360,0.9670075322992739,out/stage1b/dE0.068/r2/GeO_Ge120O240_d3p65_En6p35_20260817n232020_final.vasp
stage1b,0.02,0.068,0.08712600635742795,-6.308135908511277,1,1.6570052881464379,360,1.1983366804376792,out/stage1b/dE0.068/r3/GeO_Ge120O240_d3p65_En6p35_20260817n232020_final.vasp
stage1b,0.02,0.07,0.08133894381534557,-6.313922971053359,1,1.6621224343006824,360,1.11709618776682,out/stage1b/dE0.070/r0/GeO_Ge120O240_d3p65_En6p34_20260817n232023_final.vasp
stage1b,0.02,0.07,0.09522020776529239,-6.3000417071034125,1,1.6545209266199,360,1.295014707541018,out/stage1b/dE0.070/r1/GeO_Ge120O240_d3p65_En6p34_20260817n232043_final.vasp
stage1b,0.02,0.07,0.07962225912437138,-6.3156396557443335,1,1.6497386888481727,360,1.1355371983008804,out/stage1b/dE0.070/r2/GeO_Ge120O240_d3p65_En6p34_20260817n232044_final.vasp
stage1b,0.02,0.07,0.08265041774544812,-6.312611497123257,1,1.6491153274685868,360,1.1318874194330413,out/stage1b/dE0.070/r3/GeO_Ge120O240_d3p65_En6p34_20260817n232108_final.vasp
stage1b,0.02,0.072,0.0646592995663644,-6.3306026153023405,1,1.6651505443277401,360,0.945752680204968,out/stage1b/dE0.072/r0/GeO_Ge120O240_d3p65_En6p34_20260817n232228_final.vasp
stage1b,0.02,0.072,0.060923510953001525,-6.334338403915703,1,1.6728615162707239,360,0.8696673948489395,out/stage1b/dE0.072/r1/GeO_Ge120O240_d3p65_En6p34_20260817n232228_final.vasp
stage1b,0.02,0.072,0.01553415719940432,-6.379727757669301,1,1.7197515229533313,360,0.23972306393107523,out/stage1b/dE0.072/r2/GeO_Ge120O240_d3p65_En6p34_20260817n232238_final.vasp
stage1b,0.02,0.072,0.08542986410766762,-6.309832050761037,1,1.6526942346612619,360,1.1744396155519066,out/stage1b/dE0.072/r3/GeO_Ge120O240_d3p65_En6p34_20260817n232159_final.vasp
stage1b,0.02,0.074,0.09553067050161612,-6.299731244367089,1,1.646837604053738,360,1.1922911267615417,out/stage1b/dE0.074/r0/GeO_Ge120O240_d3p65_En6p34_20260817n232159_final.vasp
stage1b,0.02,0.074,0.08212353327704314,-6.313138381591662,1,1.649953635533051,360,1.1992214581672045,out/stage1b/dE0.074/r1/GeO_Ge120O240_d3p65_En6p34_20260817n232202_final.vasp
stage1b,0.02,0.074,0.09572121337731954,-6.299540701491385,1,1.6382007579002282,360,1.207694176707978,out/stage1b/dE0.074/r2/GeO_Ge120O240_d3p65_En6p34_20260817n232222_final.vasp
stage1b,0.02,0.074,0.07708699341337066,-6.318174921455334,1,1.6514090851669412,360,1.081154562623767,out/stage1b/dE0.074/r3/GeO_Ge120O240_d3p65_En6p34_20260817n232224_final.vasp
stage1b,0.02,0.076,0.07259128880829024,-6.322670626060415,1,1.6530093406339958,360,1.0362516694008759,out/stage1b/dE0.076/r0/GeO_Ge120O240_d3p65_En6p34_20260817n232248_final.vasp
stage1b,0.02,0.076,0.0884051982414018,-6.306856716627303,1,1.6401202689030532,360,1.2044496358264247,out/stage1b/dE0.076/r1/GeO_Ge120O240_d3p65_En6p34_20260817n232408_final.vasp
stage1b,0.02,0.076,0.0891434722870903,-6.306118442581615,1,1.6394483422488668,360,1.192396531832163,out/stage1b/dE0.076/r2/GeO_Ge120O240_d3p65_En6p34_20260817n232408_final.vasp
stage1b,0.02,0.076,0.08428034270983975,-6.310981572158865,1,1.6628210221388207,360,1.1127642657629078,out/stage1b/dE0.076/r3/GeO_Ge120O240_d3p65_En6p34_20260817n232420_final.vasp
stage1b,0.02,0.078,0.09983864716118607,-6.295423267707519,1,1.6550103210699445,360,1.1927117552372233,out/stage1b/dE0.078/r0/GeO_Ge120O240_d3p65_En6p34_20260817n232337_final.vasp
stage1b,0.02,0.078,0.08526264819291551,-6.309999266675789,1,1.6574201552011312,360,1.1848806291562701,out/stage1b/dE0.078/r1/GeO_Ge120O240_d3p65_En6p34_20260817n232337_final.vasp
stage1b,0.02,0.078,0.06276243386355418,-6.332499481005151,1,1.6680877976065187,360,1.044440439718226,out/stage1b/dE0.078/r2/GeO_Ge120O240_d3p65_En6p34_20260817n232341_final.vasp
stage1b,0.02,0.078,0.06527668968987932,-6.329985225178826,1,1.6615432622637603,360,0.9641014996100596,out/stage1b/dE0.078/r3/GeO_Ge120O240_d3p65_En6p34_20260817n232401_final.vasp
stage1b,0.02,0.08,0.06882454170743735,-6.3264373731612675,1,1.6649207205296919,360,1.0669344386439383,out/stage1b/dE0.080/r0/GeO_Ge120O240_d3p65_En6p33_20260817n232402_final.vasp
stage1b,0.02,0.08,0.019171054035687085,-6.376090860833018,1,1.7137524485051723,360,0.2470637751364463,out/stage1b/dE0.080/r1/GeO_Ge120O240_d3p65_En6p33_20260817n232429_final.vasp
stage1b,0.02,0.08,0.08280267394222474,-6.31245924092648,1,1.661130274075994,360,1.0860346301212391,out/stage1b/dE0.080/r2/GeO_Ge120O240_d3p65_En6p33_20260817n232550_final.vasp
stage1b,0.02,0.08,0.09262137076119714,-6.302640544107508,1,1.65394830502069,360,1.190377103874979,out/stage1b/dE0.080/r3/GeO_Ge120O240_d3p65_En6p33_20260817n232550_final.vasp
stage1b,0.02,0.082,0.09880506084346763,-6.296456854025237,1,1.6345578247697103,360,1.2407678794770998,out/stage1b/dE0.082/r0/GeO_Ge120O240_d3p65_En6p33_20260817n232601_final.vasp
stage1b,0.02,0.082,0.08716311053110992,-6.308098804337595,1,1.6550130396615381,360,1.1941120299247074,out/stage1b/dE0.082/r1/GeO_Ge120O240_d3p65_En6p33_20260817n232517_final.vasp
stage1b,0.02,0.082,0.08307731195630375,-6.312184602912401,1,1.6377849593643499,360,1.1460849587870423,out/stage1b/dE0.082/r2/GeO_Ge120O240_d3p65_En6p33_20260817n232517_final.vasp
stage1b,0.02,0.082,0.09526678075510908,-6.299995134113596,1,1.6567159323638883,360,1.2721270763839665,out/stage1b/dE0.082/r3/GeO_Ge120O240_d3p65_En6p33_20260817n232521_final.vasp
stage1b,0.02,0.084,0.08569830415907731,-6.309563610709628,1,1.6580213055135813,360,1.2188886117739983,out/stage1b/dE0.084/r0/GeO_Ge120O240_d3p65_En6p33_20260817n232541_final.vasp
stage1b,0.02,0.084,0.09253237851126705,-6.302729536357438,1,1.6477530874373005,360,1.1544643513444304,out/stage1b/dE0.084/r1/GeO_Ge120O240_d3p65_En6p33_20260817n232542_final.vasp
stage1b,0.02,0.084,0.091050601911288,-6.304211312957417,1,1.6310916204997736,360,1.2764462051350314,out/stage1b/dE0.084/r2/GeO_Ge120O240_d3p65_En6p33_20260817n232610_final.vasp
stage1b,0.02,0.084,0.09613670452701939,-6.2991252103416855,1,1.6568098761598051,360,1.2662443441564353,out/stage1b/dE0.084/r3/GeO_Ge120O240_d3p65_En6p33_20260817n232731_final.vasp
stage1b,0.02,0.086,0.09092288791968173,-6.304339026949023,1,1.6478007349265882,360,1.2067048721629499,out/stage1b/dE0.086/r0/GeO_Ge120O240_d3p65_En6p33_20260817n232731_final.vasp
stage1b,0.02,0.086,0.09534460512573517,-6.29991730974297,1,1.648986002512111,360,1.2918901907503302,out/stage1b/dE0.086/r1/GeO_Ge120O240_d3p65_En6p33_20260817n232743_final.vasp
stage1b,0.02,0.086,0.09003431749108781,-6.305227597377617,1,1.6493151983862722,360,1.13620293727216,out/stage1b/dE0.086/r2/GeO_Ge120O240_d3p65_En6p33_20260817n232656_final.vasp
stage1b,0.02,0.086,0.09352556877661033,-6.3017363460920945,1,1.6621809445821545,360,1.29398367525708,out/stage1b/dE0.086/r3/GeO_Ge120O240_d3p65_En6p33_20260817n232658_final.vasp
stage1b,0.02,0.088,0.11077785124470729,-6.284484063623998,1,1.6344218786128146,360,1.3363351540015054,out/stage1b/dE0.088/r0/GeO_Ge120O240_d3p65_En6p33_20260817n232701_final.vasp
stage1b,0.02,0.088,0.08172333557755884,-6.313538579291146,1,1.6535592131286343,360,1.092809446598973,out/stage1b/dE0.088/r1/GeO_Ge120O240_d3p65_En6p33_20260817n232720_final.vasp
stage1b,0.02,0.088,0.09199184274381178,-6.303270072124893,1,1.6598311782038742,360,1.2732580947568553,out/stage1b/dE0.088/r2/GeO_Ge120O240_d3p65_En6p33_20260817n232722_final.vasp
stage1b,0.02,0.088,0.0883411620673531,-6.306920752801352,1,1.66171317198468,360,1.1871143001335822,out/stage1b/dE0.088/r3/GeO_Ge120O240_d3p65_En6p33_20260817n232750_final.vasp
stage1b,0.02,0.09,0.10649521992888822,-6.288766694939817,1,1.6372551270331057,360,1.2560328097587232,out/stage1b/dE0.090/r0/GeO_Ge120O240_d3p65_En6p32_20260817n232911_final.vasp
stage1b,0.02,0.09,0.10548323099451284,-6.289778683874192,1,1.6543425369785,360,1.378431972280911,out/stage1b/dE0.090/r1/GeO_Ge120O240_d3p65_En6p32_20260817n232911_final.vasp
stage1b,0.02,0.09,0.10234894058251154,-6.292912974286193,1,1.6600407984189345,360,1.3134938578277906,out/stage1b/dE0.090/r2/GeO_Ge120O240_d3p65_En6p32_20260817n232924_final.vasp
stage1b,0.02,0.09,0.09875280123530406,-6.296509113633401,1,1.6517702857388674,360,1.2778840629082542,out/stage1b/dE0.090/r3/GeO_Ge120O240_d3p65_En6p32_20260817n232836_final.vasp
stage1b,0.02,0.092,0.10460550734426644,-6.290656407524438,1,1.6420150091701307,360,1.2759288959480282,out/stage1b/dE0.092/r0/GeO_Ge120O240_d3p65_En6p32_20260817n232837_final.vasp
stage1b,0.02,0.092,0.0885237298413788,-6.306738185027326,1,1.6596416922427608,360,1.1543666326575919,out/stage1b/dE0.092/r1/GeO_Ge120O240_d3p65_En6p32_20260817n232840_final.vasp
stage1b,0.02,0.092,0.10537480178903813,-6.289887113079667,1,1.6475706542026025,360,1.3177140293351,out/stage1b/dE0.092/r2/GeO_Ge120O240_d3p65_En6p32_20260817n232858_final.vasp
stage1b,0.02,0.092,0.09984913742248658,-6.295412777446218,1,1.6413741900896726,360,1.2677912480247415,out/stage1b/dE0.092/r3/GeO_Ge120O240_d3p65_En6p32_20260817n232901_final.vasp
stage1b,0.02,0.094,0.09437115866329471,-6.30089075620541,1,1.6545899884878463,360,1.2417282506590426,out/stage1b/dE0.094/r0/GeO_Ge120O240_d3p65_En6p32_20260817n232930_final.vasp
stage1b,0.02,0.094,0.10934609613501323,-6.285915818733692,1,1.6429929655717803,360,1.2968156319411621,out/stage1b/dE0.094/r1/GeO_Ge120O240_d3p65_En6p32_20260817n233051_final.vasp
stage1b,0.02,0.094,0.09876936991536489,-6.29649254495334,1,1.636745623839448,360,1.2595945626049025,out/stage1b/dE0.094/r2/GeO_Ge120O240_d3p65_En6p32_20260817n233051_final.vasp
stage1b,0.02,0.094,0.09096930107445278,-6.304292613794252,1,1.658882768765632,360,1.249221511169165,out/stage1b/dE0.094/r3/GeO_Ge120O240_d3p65_En6p32_20260817n233106_final.vasp
stage1b,0.02,0.096,0.09922577667396215,-6.296036138194743,1,1.6566467956947848,360,1.305865949931557,out/stage1b/dE0.096/r0/GeO_Ge120O240_d3p65_En6p32_20260817n233017_final.vasp
stage1b,0.02,0.096,0.1037294492322971,-6.291532465636408,1,1.6364947044279752,360,1.2989091007803726,out/stage1b/dE0.096/r1/GeO_Ge120O240_d3p65_En6p32_20260817n233017_final.vasp
stage1b,0.02,0.096,0.0952489451879579,-6.300012969680747,1,1.6492921032651875,360,1.2330619785612584,out/stage1b/dE0.096/r2/GeO_Ge120O240_d3p65_En6p32_20260817n233020_final.vasp
stage1b,0.02,0.096,0.08966652709941325,-6.305595387769292,1,1.6593375087306492,360,1.1712579183069585,out/stage1b/dE0.096/r3/GeO_Ge120O240_d3p65_En6p32_20260817n233038_final.vasp
stage1b,0.02,0.098,0.09675578532018303,-6.298506129548522,1,1.637454121752449,360,1.2708399879900136,out/stage1b/dE0.098/r0/GeO_Ge120O240_d3p65_En6p32_20260817n233041_final.vasp
stage1b,0.02,0.098,0.11975186607416077,-6.275510048794544,1,1.635134453399806,360,1.3940528301390755,out/stage1b/dE0.098/r1/GeO_Ge120O240_d3p65_En6p32_20260817n233112_final.vasp
stage1b,0.02,0.098,0.11517242104292524,-6.28008949382578,1,1.6394698397164602,360,1.3813353390915712,out/stage1b/dE0.098/r2/GeO_Ge120O240_d3p65_En6p32_20260817n233231_final.vasp
stage1b,0.02,0.098,0.10992762904418463,-6.28533428582452,1,1.647058392747889,360,1.3720129561038845,out/stage1b/dE0.098/r3/GeO_Ge120O240_d3p65_En6p32_20260817n233231_final.vasp
stage1b,0.02,0.1,0.12546253690596298,-6.269799377962742,1,1.6347591326290918,360,1.51070154533244,out/stage1b/dE0.100/r0/GeO_Ge120O240_d3p65_En6p31_20260817n233247_final.vasp
stage1b,0.02,0.1,0.09924091884597708,-6.296020996022728,1,1.649317211949584,360,1.3082074903120426,out/stage1b/dE0.100/r1/GeO_Ge120O240_d3p65_En6p31_20260817n233156_final.vasp
stage1b,0.02,0.1,0.10016963770073684,-6.295092277167968,1,1.6522069111805686,360,1.313347167084829,out/stage1b/dE0.100/r2/GeO_Ge120O240_d3p65_En6p31_20260817n233155_final.vasp
stage1b,0.02,0.1,0.1010259779481526,-6.294235936920552,1,1.6323353489871446,360,1.3177203856234558,out/stage1b/dE0.100/r3/GeO_Ge120O240_d3p65_En6p31_20260817n233159_final.vasp
